"average(e5_cleaned)";"average(diesel_cleaned)";"average(e10_cleaned)";"Date New";"Price_ural";"Price_brent";"Price_wti";"Label e10";"Label e5";"Label Diesel";"weekday"
1.3783167148478357;1.2217787144112955;1.3307769774558087;1/1/18 12:00 AM;67.20772727272727;68.82355877616747;62.48146031746032;"1";"1";"1";"Monday"
1.369194933976827;1.2150122891722803;1.3161863729808274;1/2/18 12:00 AM;67.20673611111113;66.65;60.37;"0";"0";"0";"Tuesday"
1.365924609908215;1.2140191941567187;1.313201797317585;1/3/18 12:00 AM;67.20559701492537;67.85;61.61;"0";"0";"0";"Wednesday"
1.365398726627376;1.2146330567061698;1.3128449880712476;1/4/18 12:00 AM;67.20427419354839;68.73;61.98;"0";"0";"1";"Thursday"
1.3659557061889471;1.2170935842948118;1.3145599493351352;1/5/18 12:00 AM;67.20271929824561;68.01;61.49;"1";"1";"1";"Friday"
1.3695244029302291;1.2197565926724192;1.3193135860497274;1/6/18 12:00 AM;67.20086538461538;68.84811965811966;62.50291666666667;"1";"1";"1";"Saturday"
1.3743390407959968;1.2251120925701766;1.3253045397144383;1/7/18 12:00 AM;67.19861702127659;68.87180180180181;62.5280701754386;"1";"1";"1";"Sunday"
1.3673451112186021;1.2195171268831062;1.3157990139675093;1/8/18 12:00 AM;67.19583333333333;68.48;61.73;"0";"0";"0";"Monday"
1.3649635397812232;1.2181367818971804;1.3135431920020235;1/9/18 12:00 AM;66.05;69.08;62.92;"0";"0";"0";"Tuesday"
1.3677828342405849;1.2189416440439051;1.3167749370227175;1/10/18 12:00 AM;67.57;69.79;63.6;"1";"1";"1";"Wednesday"
1.368105844185973;1.219398084744847;1.3165823096586378;1/11/18 12:00 AM;67.16;70.36;63.81;"0";"1";"1";"Thursday"
1.3681954295902476;1.219937530134124;1.31540971419338;1/12/18 12:00 AM;66.69;69.64;64.22;"0";"1";"1";"Friday"
1.3567564779720478;1.208139041206773;1.3058021933711632;1/13/18 12:00 AM;67.19899176954732;69.45193650793651;63.31907859078591;"0";"0";"0";"Saturday"
1.3588743124156408;1.2108895445108643;1.3100044342161667;1/14/18 12:00 AM;67.20416666666667;69.45063492063491;63.518968253968254;"1";"1";"1";"Sunday"
1.3522526237726153;1.2032992797984903;1.2994806123599754;1/15/18 12:00 AM;67.20975555555556;70.31;63.52547619047619;"0";"0";"0";"Monday"
1.350108521428078;1.1995504243639368;1.2971097301412622;1/16/18 12:00 AM;67.52;69.4;63.82;"0";"0";"0";"Tuesday"
1.3474272897241366;1.1950878815149906;1.2954953321715021;1/17/18 12:00 AM;67.52;69.19;63.92;"0";"0";"0";"Wednesday"
1.3491606209053877;1.1962198839779046;1.297242942375837;1/18/18 12:00 AM;67.43126984126984;69.48;63.96;"1";"1";"1";"Thursday"
1.3530338199734693;1.198109337986184;1.3009696018113992;1/19/18 12:00 AM;66.83;68.56;63.38;"1";"1";"1";"Friday"
1.358249082875872;1.2040814381492966;1.3072219101981946;1/20/18 12:00 AM;67.43784444444445;69.6891111111111;64.46891812865496;"1";"1";"1";"Saturday"
1.361238331777613;1.2078209943442246;1.3117828028784786;1/21/18 12:00 AM;67.44750566893424;69.69946031746032;64.61621621621622;"1";"1";"1";"Sunday"
1.3581041667846232;1.2030523954056742;1.3050642972622393;1/22/18 12:00 AM;66.69;69.32;63.66;"0";"0";"0";"Monday"
1.3552750818462562;1.1979847090659754;1.3022592420393373;1/23/18 12:00 AM;67.43;69.81;64.45;"0";"0";"0";"Tuesday"
1.3647446978582467;1.2049526027657493;1.3111135704914971;1/24/18 12:00 AM;67.53343209876543;69.91;65.69;"1";"1";"1";"Wednesday"
1.3676399355400213;1.2085952748380977;1.3132977399162225;1/25/18 12:00 AM;68.76;71.08;65.62;"1";"1";"1";"Thursday"
1.3695416122604678;1.2089734535806371;1.3161795396697544;1/26/18 12:00 AM;68.3;70.08;66.27;"1";"1";"1";"Friday"
1.3720433741333646;1.211669162137919;1.3188888620771013;1/27/18 12:00 AM;67.5245925925926;69.05050793650793;65.24412698412698;"1";"1";"1";"Saturday"
1.3719837140044415;1.2106553085702496;1.3205971575949973;1/28/18 12:00 AM;67.52214814814815;69.01819047619047;65.24698412698413;"1";"0";"0";"Sunday"
1.3721715599975122;1.2107906297924047;1.3182771082965365;1/29/18 12:00 AM;67.53;68.41;65.71;"0";"1";"1";"Monday"
1.3741788812694626;1.2126190615153096;1.3207799182946869;1/30/18 12:00 AM;67.2;67.78;64.64;"1";"1";"1";"Tuesday"
1.3713251569389049;1.2092417349097129;1.317123302995035;1/31/18 12:00 AM;67.26741545893721;67.78;64.82;"0";"0";"0";"Wednesday"
1.3626340316036696;1.199814094569878;1.3085945450139145;2/1/18 12:00 AM;67.43;68.6;65.92;"0";"0";"0";"Thursday"
1.3711266060286298;1.2084745443759788;1.3169620041889876;2/2/18 12:00 AM;67.43;67.45;65.5;"1";"1";"1";"Friday"
1.3734660768126783;1.210191924610914;1.320968002213103;2/3/18 12:00 AM;66.13897777777777;66.80384126984127;63.733492063492065;"1";"1";"1";"Saturday"
1.3756674054601734;1.2130746878553782;1.324289796283933;2/4/18 12:00 AM;66.0942735042735;66.76403174603175;63.68104761904762;"1";"1";"1";"Sunday"
1.3712327671603788;1.2080940084377234;1.3170495197173882;2/5/18 12:00 AM;67.43;67.69;64.18;"0";"0";"0";"Monday"
1.3708991036689964;1.2072452389149624;1.3161381735911948;2/6/18 12:00 AM;64.64230607966458;66.75;63.48;"0";"0";"0";"Tuesday"
1.3674745126910788;1.203378007557012;1.3130886695002681;2/7/18 12:00 AM;64.28;65.74;61.91;"0";"0";"0";"Wednesday"
1.3622456753280987;1.1981571854863815;1.3076681338864546;2/8/18 12:00 AM;64.5279595959596;64.26;61.3;"0";"0";"0";"Thursday"
1.3590096171337926;1.1951213318438656;1.304248194837389;2/9/18 12:00 AM;61.3;63.04;59.2;"0";"0";"0";"Friday"
1.3599144004177308;1.194256193802744;1.306994863474601;2/10/18 12:00 AM;63.51413255360624;64.07536507936508;61.238412698412695;"1";"1";"0";"Saturday"
1.3576132583547;1.193503079191602;1.3063923115328286;2/11/18 12:00 AM;63.47508771929825;64.03126984126983;61.215365079365085;"0";"0";"0";"Sunday"
1.3528488720465224;1.1885334113789259;1.2982043464748036;2/12/18 12:00 AM;61.3;62.2;59.41;"0";"0";"0";"Monday"
1.3503273812651484;1.1845551359601152;1.296332225318917;2/13/18 12:00 AM;62.93815476190477;61.94;59.33;"0";"0";"0";"Tuesday"
1.3488931408428535;1.1824823193056169;1.294608401275039;2/14/18 12:00 AM;61.3;62.29;60.7;"0";"0";"0";"Wednesday"
1.3434849933524844;1.1766686911871813;1.290024664389694;2/15/18 12:00 AM;62.479642857142856;62.86;61.48;"0";"0";"0";"Thursday"
1.339294271856783;1.1733587206714284;1.2854685961458239;2/16/18 12:00 AM;60.7;64.3;61.89;"0";"0";"0";"Friday"
1.3415970865283098;1.1744977353043744;1.2890383630730513;2/17/18 12:00 AM;62.09688109161793;64.0951746031746;61.206504065040654;"1";"1";"1";"Saturday"
1.3437510071400658;1.1786467108122767;1.2928262954114744;2/18/18 12:00 AM;62.10401559454192;64.13965079365079;61.64259259259259;"1";"1";"1";"Sunday"
1.3367901824748136;1.1748322371388475;1.282642315417556;2/19/18 12:00 AM;62.28;64.95;61.671375661375656;"0";"0";"0";"Monday"
1.3379883556916894;1.1754855453633626;1.2837334270106133;2/20/18 12:00 AM;62.26;64.68;61.91;"1";"1";"1";"Tuesday"
1.3294695366485996;1.1663165429311473;1.275718306243947;2/21/18 12:00 AM;61.736687242798354;64.81;61.73;"0";"0";"0";"Wednesday"
1.3374986429135418;1.1749834564766422;1.283769187686707;2/22/18 12:00 AM;62.2;66.12;62.72;"1";"1";"1";"Thursday"
1.3395506857846244;1.1789677226993698;1.286418508947163;2/23/18 12:00 AM;61.75913131313132;67.04;63.52;"1";"1";"1";"Friday"
1.3413815643185583;1.1826105508017388;1.2899693954921987;2/24/18 12:00 AM;61.75880808080807;65.82000000000001;62.24985380116959;"1";"1";"1";"Saturday"
1.3446025308216958;1.1879885067005465;1.294727968517516;2/25/18 12:00 AM;61.81150205761317;65.82799999999999;62.2978978978979;"1";"1";"1";"Sunday"
1.3389198074933126;1.1841560414820043;1.285080606438198;2/26/18 12:00 AM;62.6;67.96;63.81;"0";"0";"0";"Monday"
1.3405954298121143;1.1880395865329445;1.2867724215781666;2/27/18 12:00 AM;61.80647435897436;67.59;62.94;"1";"1";"1";"Tuesday"
1.3399970996630908;1.1905352919697145;1.2881968357979963;2/28/18 12:00 AM;63.2;66.08;61.43;"1";"0";"1";"Wednesday"
1.3388743205930347;1.189096998749612;1.2855303198597725;3/1/18 12:00 AM;60.69;64.23;60.98;"0";"0";"0";"Thursday"
1.3284463954662897;1.1781072207264045;1.2746183380551444;3/2/18 12:00 AM;60.57;64.26;61.19;"0";"0";"0";"Friday"
1.3388281300910088;1.1846114175957083;1.2869588847660285;3/3/18 12:00 AM;61.43541666666666;65.5544761904762;61.85307936507936;"1";"1";"1";"Saturday"
1.3424376774235691;1.1891521659090405;1.2923776056819556;3/4/18 12:00 AM;61.37062378167642;65.54012698412699;61.846476190476196;"1";"1";"1";"Sunday"
1.3373641351347445;1.182942816362451;1.2841386638221586;3/5/18 12:00 AM;61.52;65.78;62.49;"0";"0";"0";"Monday"
1.332888350241912;1.181021912362262;1.2794935778895749;3/6/18 12:00 AM;61.3515065913371;65.67;62.54;"0";"0";"0";"Tuesday"
1.3290696507828061;1.179096946361275;1.2755116102461557;3/7/18 12:00 AM;61.89;65.09;61.09;"0";"0";"0";"Wednesday"
1.3277443009113985;1.1790037993926856;1.2744781482180327;3/8/18 12:00 AM;61.285931899641575;63.87;60.13;"0";"0";"0";"Thursday"
1.3254243263536523;1.175507720496606;1.2720755324980508;3/9/18 12:00 AM;61.27762152777778;65.19;62.02;"0";"0";"0";"Friday"
1.3268000787463199;1.1772331974017627;1.2748888263910136;3/10/18 12:00 AM;61.42866319444445;64.62806349206349;61.44990476190475;"1";"1";"1";"Saturday"
1.3288730965971098;1.1810542012991583;1.2791397838598304;3/11/18 12:00 AM;61.42696180555556;64.61247619047619;61.44390476190476;"1";"1";"1";"Sunday"
1.3254872615635014;1.1791966919400239;1.2709308016688863;3/12/18 12:00 AM;58.0;64.53;61.35;"0";"0";"0";"Monday"
1.3213956795316484;1.1781851778453905;1.2676513897832038;3/13/18 12:00 AM;61.33;64.2;60.69;"0";"0";"0";"Tuesday"
1.3189888734895527;1.1756258957548245;1.2650980146923887;3/14/18 12:00 AM;62.78682109489615;63.61;60.89;"0";"0";"0";"Wednesday"
1.30966040354624;1.167847912867158;1.2564117886597488;3/15/18 12:00 AM;61.65;63.67;61.16;"0";"0";"0";"Thursday"
1.3152938087652288;1.1715868353547512;1.2621724126611227;3/16/18 12:00 AM;62.85564981228534;64.68;62.29;"1";"1";"1";"Friday"
1.3242393269357569;1.1782288749830299;1.272674965929307;3/17/18 12:00 AM;63.38853099072719;65.70422222222223;62.649142857142856;"1";"1";"1";"Saturday"
1.3284142035361177;1.1835857618799517;1.2787644848174202;3/18/18 12:00 AM;63.84073314772631;65.75593650793651;62.69406349206349;"1";"1";"1";"Sunday"
1.3284142035361177;1.1835857618799517;1.2787644848174202;3/18/18 12:00 AM;63.84073314772631;65.75593650793651;62.69406349206349;"1";"1";"1";"Sunday"
1.3243173826456707;1.179316537843772;1.2707182033119742;3/19/18 12:00 AM;61.65;64.82;62.01;"0";"0";"0";"Monday"
1.3243173826456707;1.179316537843772;1.2707182033119742;3/19/18 12:00 AM;61.65;64.82;62.01;"1";"1";"1";"Monday"
1.326097893933661;1.1820352929894051;1.273044903811507;3/20/18 12:00 AM;64.26;66.0;63.37;"1";"1";"1";"Tuesday"
1.326097893933661;1.1820352929894051;1.273044903811507;3/20/18 12:00 AM;64.26;66.0;63.37;"1";"1";"1";"Tuesday"
1.3302561123833456;1.1836906698081522;1.277518001010545;3/21/18 12:00 AM;63.99618546935683;68.15;65.1;"1";"1";"1";"Wednesday"
1.334867549847473;1.1873095768742534;1.281269887807505;3/22/18 12:00 AM;64.76;68.98;64.25;"1";"1";"1";"Thursday"
1.3401557166044744;1.1905685148796943;1.2873219756033696;3/23/18 12:00 AM;67.06;69.03;65.8;"1";"1";"1";"Friday"
1.3438917964839072;1.1923732998951622;1.2926743449525304;3/24/18 12:00 AM;64.84749386610585;67.69795751633986;64.32468451483157;"1";"1";"1";"Saturday"
1.3506810939739036;1.1984578528097551;1.300927626093599;3/25/18 12:00 AM;65.26803855753508;68.0882133906194;64.40030258483401;"1";"1";"1";"Sunday"
1.3402932409194452;1.1900870898760143;1.287911688062241;3/26/18 12:00 AM;67.06;68.81;65.49;"0";"0";"0";"Monday"
1.3478946286832314;1.1968284649348113;1.2947512503008094;3/27/18 12:00 AM;65.61357499140007;68.63;65.21;"1";"1";"1";"Tuesday"
1.3489398792754617;1.1976516050207788;1.2955839324947118;3/28/18 12:00 AM;67.06;68.13;64.3;"1";"1";"1";"Wednesday"
1.3507284426380963;1.1986162661073094;1.2969348240887868;3/29/18 12:00 AM;66.51;69.02;64.87;"1";"1";"1";"Thursday"
1.360065201452021;1.20495363869458;1.3111080199658722;3/30/18 12:00 AM;66.00435951875443;68.0872577462009;64.1194880282467;"1";"1";"1";"Friday"
1.3609273469016383;1.2047280339937259;1.309650487630674;3/31/18 12:00 AM;66.18618297017461;68.06763108082528;64.09221229173562;"0";"1";"0";"Saturday"
1.3649764339439228;1.2078758508978926;1.3151602217838159;4/1/18 12:00 AM;66.18028589089785;67.97929361702128;63.85379403794038;"1";"1";"1";"Sunday"
1.362671745054905;1.2064853262847832;1.3131902962811373;4/2/18 12:00 AM;67.48;68.11747044917259;63.05;"0";"0";"0";"Monday"
1.3586754469482725;1.2016578243279101;1.3045277371442108;4/3/18 12:00 AM;66.21;69.02;63.41;"0";"0";"0";"Tuesday"
1.3617694419408566;1.2009280248383296;1.3078344263912178;4/4/18 12:00 AM;66.51933700774822;66.04;63.35;"1";"1";"0";"Wednesday"
1.3618328464285787;1.1988912695134095;1.307651625315604;4/5/18 12:00 AM;65.82;66.54;63.53;"0";"1";"0";"Thursday"
1.3658855854902587;1.2014192281339768;1.3114091052876042;4/6/18 12:00 AM;65.12;66.51;62.03;"1";"1";"1";"Friday"
1.3639876051532211;1.1979101060633142;1.312753575665397;4/7/18 12:00 AM;66.73588693957115;69.25940170940171;64.48838095238095;"1";"0";"0";"Saturday"
1.3715833782796472;1.2064175285540564;1.3213787421685652;4/8/18 12:00 AM;66.74863547758285;69.57462462462462;64.5351746031746;"1";"1";"1";"Sunday"
1.3660831201698183;1.2022177510513572;1.3119215360732064;4/9/18 12:00 AM;65.82;68.19;63.4;"0";"0";"0";"Monday"
1.3614982520994694;1.1965915609371658;1.3078068821474746;4/10/18 12:00 AM;66.3;70.67;65.48;"0";"0";"0";"Tuesday"
1.3676451345777885;1.202120917316243;1.3146519113551058;4/11/18 12:00 AM;67.49499999999999;72.74;66.81;"1";"1";"1";"Wednesday"
1.372983170987708;1.2091441358067243;1.3190074212441167;4/12/18 12:00 AM;67.52890873015873;71.44;67.07;"1";"1";"1";"Thursday"
1.3712043400757992;1.2063875511616267;1.3165422238229538;4/13/18 12:00 AM;68.68;73.18;67.35;"0";"0";"0";"Friday"
1.3833471595926812;1.2173120890854014;1.3311088774911684;4/14/18 12:00 AM;67.59128352490421;72.30879365079366;66.78342857142857;"1";"1";"1";"Saturday"
1.3825323607501;1.2175163231225343;1.3302397579011387;4/15/18 12:00 AM;67.94835249042144;72.3428888888889;66.80761904761906;"0";"0";"1";"Sunday"
1.3834614028882481;1.2187424127622202;1.3285283086644155;4/16/18 12:00 AM;67.56;72.05;66.23;"0";"1";"1";"Monday"
1.3831378145844884;1.2171511561391244;1.3274702481127034;4/17/18 12:00 AM;68.44536398467433;71.71;66.5;"0";"0";"0";"Tuesday"
1.392744446504756;1.2239293892031697;1.3403864618699046;4/21/18 12:00 AM;69.01242424242425;74.19714285714286;67.73987301587302;"1";"1";"1";"Saturday"
1.39778578551609;1.2294478214791205;1.3473378260568645;4/22/18 12:00 AM;69.02983660130718;74.22238095238096;67.74568253968253;"1";"1";"1";"Sunday"
1.393808576069092;1.2269937992897184;1.3395064044246712;4/23/18 12:00 AM;70.61;74.54;67.61;"0";"0";"0";"Monday"
1.3950976454218338;1.227132041923725;1.3403352678718952;4/24/18 12:00 AM;69.4779299847793;75.86;67.66;"1";"1";"1";"Tuesday"
1.400885837745519;1.2341582251696128;1.3464888482070827;4/25/18 12:00 AM;69.84;73.79;68.0;"1";"1";"1";"Wednesday"
1.4018378363769246;1.2338276551921212;1.3473911078189102;4/26/18 12:00 AM;70.19603174603175;75.39;68.18;"1";"1";"0";"Thursday"
1.4052752889905817;1.236360472957359;1.3510493130586005;4/27/18 12:00 AM;70.64;75.33;68.11;"1";"1";"1";"Friday"
1.409955249334632;1.2411212420228332;1.3567210982906952;4/28/18 12:00 AM;70.70127572016462;74.72184126984126;68.13707936507937;"1";"1";"1";"Saturday"
1.4165293259100946;1.248926530563847;1.364972953493195;4/29/18 12:00 AM;70.71846050870147;74.71295238095239;68.14453968253969;"1";"1";"1";"Sunday"
1.4112277259663548;1.2439774006983093;1.3569149765479926;4/30/18 12:00 AM;70.7348366013072;75.92;68.56;"0";"0";"0";"Monday"
1.4155805582581082;1.247301429540596;1.3647418516227712;5/1/18 12:00 AM;71.33475816993463;74.85;67.28;"1";"1";"1";"Tuesday"
1.4128540998842687;1.243998475062169;1.3578293679559899;5/2/18 12:00 AM;71.35090196078433;73.14;67.91;"0";"0";"0";"Wednesday"
1.4123706461655423;1.2436143266237016;1.3583043964132224;5/3/18 12:00 AM;71.8246184738956;73.45;68.45;"1";"0";"0";"Thursday"
1.4125662130045422;1.2434572186208097;1.3575428802011684;5/4/18 12:00 AM;70.58;74.75;69.71;"0";"1";"0";"Friday"
1.4156941820789282;1.2454215376066857;1.3617698203820265;5/5/18 12:00 AM;72.15378917378918;75.37344173441734;69.4550476190476;"1";"1";"1";"Saturday"
1.4206497658743626;1.2491615471065989;1.368641430979742;5/6/18 12:00 AM;72.17380116959065;75.65642857142856;69.48955555555555;"1";"1";"1";"Sunday"
1.4160527112282706;1.2461164786388503;1.3606264042777885;5/7/18 12:00 AM;70.58;75.69023809523809;70.74;"0";"0";"0";"Monday"
1.4243741817830136;1.2549872335974779;1.3684540916407808;5/8/18 12:00 AM;70.58;74.16;68.83;"1";"1";"1";"Tuesday"
1.412093438353563;1.243642281128893;1.3557287033922572;5/9/18 12:00 AM;72.53411764705882;77.6;71.16;"0";"0";"0";"Wednesday"
1.437322287096106;1.2671438153568095;1.3858872045760948;5/10/18 12:00 AM;74.09;77.59;71.36;"1";"1";"1";"Thursday"
1.441965406239507;1.2719161724840184;1.3865575297514745;5/11/18 12:00 AM;73.85;77.37;70.69;"1";"1";"1";"Friday"
1.446008146968616;1.2763276035978863;1.392554507094329;5/12/18 12:00 AM;73.35530054644809;77.55111111111111;70.92603174603174;"1";"1";"1";"Saturday"
1.4525042128939936;1.281499839391149;1.400803272714634;5/13/18 12:00 AM;73.37129943502825;77.8930930930931;70.93777777777777;"1";"1";"1";"Sunday"
1.44470829910647;1.274986183369979;1.3887806453092997;5/14/18 12:00 AM;73.85;78.17;71.01;"0";"0";"0";"Monday"
1.445688547281013;1.2768352487379178;1.3906697543828592;5/15/18 12:00 AM;73.40362573099415;78.94;71.34;"1";"1";"1";"Tuesday"
1.4511137973009052;1.2825299804713988;1.3958744629676432;5/16/18 12:00 AM;73.85;78.19;71.43;"1";"1";"1";"Wednesday"
1.4555492624798705;1.2887293424732436;1.400037945345885;5/17/18 12:00 AM;73.59494252873563;80.09;71.47;"1";"1";"1";"Thursday"
1.4662950276865223;1.2992377511128848;1.4084395232408888;5/18/18 12:00 AM;73.85;78.38;71.23;"1";"1";"1";"Friday"
1.4744715157421495;1.3042057877058564;1.420305744917407;5/19/18 12:00 AM;73.60455555555556;78.69415873015873;71.17307936507936;"1";"1";"1";"Saturday"
1.4791960388987626;1.3085389532952691;1.426543194699639;5/20/18 12:00 AM;73.98750455373406;78.69155555555555;71.16803174603174;"1";"1";"1";"Sunday"
1.480134690132154;1.309138607762456;1.4285092427768733;5/21/18 12:00 AM;73.85;78.34;72.26;"1";"1";"1";"Monday"
1.4728423153813277;1.3047624989441184;1.4167924660050382;5/22/18 12:00 AM;74.02959927140255;80.42;72.09;"0";"0";"0";"Tuesday"
1.4671185659453014;1.2987660864170747;1.4091200796401009;5/23/18 12:00 AM;74.0327868852459;78.69;71.85;"0";"0";"0";"Wednesday"
1.4755528423679394;1.305369391087839;1.4187881083853182;5/24/18 12:00 AM;75.8;78.9;70.77;"1";"1";"1";"Thursday"
1.478408959595008;1.310692472527089;1.419869964716792;5/25/18 12:00 AM;73.4;76.6;67.92;"1";"1";"1";"Friday"
1.4821060110857358;1.3141392485695695;1.4265038964604062;5/26/18 12:00 AM;73.94064814814814;77.27384823848237;69.38840108401084;"1";"1";"1";"Saturday"
1.4828043526784276;1.315083546418458;1.4291091612845515;5/27/18 12:00 AM;73.93655555555554;76.78896825396826;68.75986772486773;"1";"1";"1";"Sunday"
1.4769265277195527;1.309980408135766;1.4187144276506187;5/28/18 12:00 AM;73.4;76.74095238095238;68.70087301587301;"0";"0";"0";"Monday"
1.4705816867104988;1.3038557452753352;1.4119151563037375;5/29/18 12:00 AM;72.5;74.51;66.8;"0";"0";"0";"Tuesday"
1.4703368119786593;1.3030999191142099;1.4122959053819448;5/30/18 12:00 AM;73.92040935672514;75.89;68.24;"1";"0";"0";"Wednesday"
1.471548654944284;1.3065587166644246;1.415455793642576;5/31/18 12:00 AM;74.8;76.45;66.98;"1";"1";"1";"Thursday"
1.4739477209860476;1.3086588466599187;1.4160177878574602;6/1/18 12:00 AM;74.5;74.54;65.81;"1";"1";"1";"Friday"
1.4755159072693107;1.3083853591809056;1.4195058310937738;6/2/18 12:00 AM;73.80483992467043;74.76084795321637;66.22947368421052;"1";"1";"0";"Saturday"
1.4792750324907915;1.3120829086950059;1.423893402243368;6/3/18 12:00 AM;73.6905925925926;74.56531531531532;66.0484084084084;"1";"1";"1";"Sunday"
1.4718918468585804;1.3074242097619766;1.412224115176575;6/4/18 12:00 AM;73.37;73.41;64.76;"0";"0";"0";"Monday"
1.4689322625360417;1.3022705302271234;1.4096757734216865;6/5/18 12:00 AM;73.67272401433692;72.91;65.51;"0";"0";"0";"Tuesday"
1.4636670918793995;1.2962860857618739;1.4043441816863385;6/6/18 12:00 AM;73.37;73.23;64.75;"0";"0";"0";"Wednesday"
1.458913134880667;1.2922700852842435;1.3995801673104031;6/7/18 12:00 AM;73.19302564102566;75.23;65.96;"0";"0";"0";"Thursday"
1.4556385553954765;1.288440446131314;1.39768914156718;6/8/18 12:00 AM;73.76;75.11;65.77;"0";"0";"0";"Friday"
1.458894167144749;1.2906143789352071;1.40252820835802;6/9/18 12:00 AM;72.9602614379085;74.15146031746032;65.78428571428572;"1";"1";"1";"Saturday"
1.4626904479544534;1.293378511958709;1.4070697846628266;6/10/18 12:00 AM;72.94455555555557;74.1559365079365;65.79787301587301;"1";"1";"1";"Sunday"
1.4577313113381192;1.290098194435934;1.3995467775131645;6/11/18 12:00 AM;72.79620634920634;74.58;66.1;"0";"0";"0";"Monday"
1.455626702122843;1.288689119716267;1.3963264195898064;6/12/18 12:00 AM;72.77766666666666;74.86;66.38;"0";"0";"0";"Tuesday"
1.4537756735553076;1.286490575215854;1.3952803334336537;6/13/18 12:00 AM;72.65;75.07;66.63;"0";"0";"0";"Wednesday"
1.452950802209769;1.284822660767797;1.3945547197713195;6/14/18 12:00 AM;72.40349436392916;74.77;66.91;"0";"0";"0";"Thursday"
1.4535611422060373;1.2867330815627231;1.3943004347126249;6/15/18 12:00 AM;72.65;72.02;65.01;"0";"1";"1";"Friday"
1.459667079186644;1.2922133440945465;1.4037556452343585;6/16/18 12:00 AM;72.06253731343284;74.18673015873016;66.23720634920635;"1";"1";"1";"Saturday"
1.4614415486546553;1.2942183674708039;1.4074173220697328;6/17/18 12:00 AM;72.21535353535354;74.18444444444445;66.23907936507936;"1";"1";"1";"Sunday"
1.4539642565827993;1.2872098947240256;1.3960515594299687;6/18/18 12:00 AM;70.64;74.87;65.91;"0";"0";"0";"Monday"
1.4513357828640971;1.2868792825671567;1.3932561046457137;6/19/18 12:00 AM;72.19604166666667;74.92;65.09;"0";"0";"0";"Tuesday"
1.4484229663515598;1.2840922968987853;1.3910198656990274;6/20/18 12:00 AM;72.35817204301075;74.25;65.92;"0";"0";"0";"Wednesday"
1.4464312481622774;1.2825294161696554;1.388388740606819;6/21/18 12:00 AM;71.09;72.87;65.68;"0";"0";"0";"Thursday"
1.4422681819651144;1.2791492029164626;1.3846325118043874;6/22/18 12:00 AM;71.09;73.67;69.02;"0";"0";"0";"Friday"
1.4450864811372786;1.2794452612204041;1.3893334568150912;6/23/18 12:00 AM;72.51097701149425;74.61612698412698;70.1143492063492;"1";"1";"1";"Saturday"
1.4501999758739852;1.2836177513721632;1.3951806924429175;6/24/18 12:00 AM;72.5296551724138;74.6339365079365;70.23660317460318;"1";"1";"1";"Sunday"
1.442440995494967;1.2756830375168426;1.3848976458497886;6/25/18 12:00 AM;71.09;72.82;69.91;"0";"0";"0";"Monday"
1.442451462072035;1.2753263042154224;1.384260701533674;6/26/18 12:00 AM;72.8090058479532;73.58;75.23;"0";"1";"0";"Tuesday"
1.4411326542882958;1.273198689241007;1.3829662643372047;6/27/18 12:00 AM;71.09;76.09;77.41;"0";"0";"0";"Wednesday"
1.4478067509038628;1.2776924069245919;1.3899014685926676;6/28/18 12:00 AM;73.10666666666665;76.26;73.45;"1";"1";"1";"Thursday"
1.4543763944019255;1.2837831784948044;1.3965906914872952;6/29/18 12:00 AM;75.23;77.44;74.13;"1";"1";"1";"Friday"
1.4598072558347615;1.2896534505994146;1.4056583682067048;6/30/18 12:00 AM;73.59175438596492;75.81930158730158;73.48766381766382;"1";"1";"1";"Saturday"
1.4642721186796284;1.2932334600999975;1.411832234340939;7/1/18 12:00 AM;73.6240350877193;75.83660317460318;73.91702777777778;"1";"1";"1";"Sunday"
1.461553112205548;1.2904435909451568;1.405336680390563;7/2/18 12:00 AM;75.23;76.71;73.89;"0";"0";"0";"Monday"
1.4604226071123634;1.288829749532072;1.4027758564194195;7/3/18 12:00 AM;74.19177777777777;75.87;74.19;"0";"0";"0";"Tuesday"
1.457930105554565;1.2865391793744296;1.400967939093676;7/4/18 12:00 AM;75.23;76.99;73.83550264550264;"0";"0";"0";"Wednesday"
1.456606915353082;1.2848330582889917;1.3991783640397897;7/5/18 12:00 AM;74.22203354297694;77.09;73.05;"0";"0";"0";"Thursday"
1.4565660651931913;1.2865298394360933;1.3992446240701695;7/6/18 12:00 AM;75.23;74.98;73.78;"1";"0";"1";"Friday"
1.460941742874788;1.288734725369836;1.4043062385414298;7/7/18 12:00 AM;74.05465811965813;75.84704761904761;72.9045;"1";"1";"1";"Saturday"
1.4651710531848168;1.292742649660254;1.410965045784981;7/8/18 12:00 AM;74.07408888888888;75.83057142857143;72.3602849002849;"1";"1";"1";"Sunday"
1.4576517439951682;1.2875499471178269;1.3997987677612278;7/9/18 12:00 AM;75.23;77.08;73.93;"0";"0";"0";"Monday"
1.4571494695171703;1.2880218066097031;1.3987267042889608;7/10/18 12:00 AM;75.23;77.8;74.11;"0";"0";"1";"Tuesday"
1.4596463621188516;1.2892898508405914;1.4009818719128837;7/11/18 12:00 AM;73.32396135265701;75.35;70.47;"1";"1";"1";"Wednesday"
1.45919767081985;1.2898187092367894;1.4005669345982583;7/12/18 12:00 AM;73.95;72.11;70.28;"0";"0";"1";"Thursday"
1.457017330156289;1.2870767562857537;1.3979687508415737;7/13/18 12:00 AM;73.95;74.11;71.03;"0";"0";"0";"Friday"
1.4573200808976918;1.2862522232522688;1.4008920367413935;7/14/18 12:00 AM;72.68446712018141;73.26549206349206;70.4336507936508;"1";"1";"0";"Saturday"
1.4540091410008564;1.281972615087961;1.4001162049621805;7/15/18 12:00 AM;72.13857777777777;73.20168253968254;70.38584126984126;"0";"0";"0";"Sunday"
1.4538898462202388;1.2830016416695393;1.396036217237236;7/16/18 12:00 AM;69.25;71.03;68.22;"0";"0";"1";"Monday"
1.4505642773319523;1.2797609102950391;1.3919219993332543;7/17/18 12:00 AM;71.51;70.87;68.03;"0";"0";"0";"Tuesday"
1.4469944277785975;1.2754822057872948;1.389725832759373;7/18/18 12:00 AM;71.67054507337527;70.52;68.78;"0";"0";"0";"Wednesday"
1.4425709464846364;1.2716528810436107;1.3847580373465496;7/19/18 12:00 AM;67.83;71.94;69.42;"0";"0";"0";"Thursday"
1.4376266561070372;1.266067786338626;1.3819515589003277;7/20/18 12:00 AM;71.28285440613027;71.99;70.31;"0";"0";"0";"Friday"
1.449129900781918;1.2738403804381342;1.394119790994678;7/21/18 12:00 AM;70.92544256120527;72.61088888888888;69.48285714285714;"1";"1";"1";"Saturday"
1.4543619617620986;1.2787035437610308;1.4002212864581878;7/22/18 12:00 AM;70.91981167608287;72.65422222222222;69.4996507936508;"1";"1";"1";"Sunday"
1.4486396285878533;1.276135793928426;1.3904744815517391;7/23/18 12:00 AM;69.65;73.45;67.9;"0";"0";"0";"Monday"
1.4463520187049292;1.273670396021181;1.3880833397672265;7/24/18 12:00 AM;70.15678571428572;73.53;70.77;"0";"0";"0";"Tuesday"
1.4467147912579383;1.2739813367135853;1.3884481655040748;7/25/18 12:00 AM;69.65;73.67;71.13;"1";"1";"1";"Wednesday"
1.4517831279630975;1.2786623863954734;1.394415494843574;7/26/18 12:00 AM;70.17851851851852;74.51;71.59;"1";"1";"1";"Thursday"
1.4511566763591055;1.2747444039787483;1.3929620015311728;7/27/18 12:00 AM;71.4;74.84;68.66;"0";"0";"0";"Friday"
1.4645544083622166;1.2856068747008187;1.4096080635769543;7/28/18 12:00 AM;70.29354700854701;73.7226984126984;69.76787301587302;"1";"1";"1";"Saturday"
1.47141585700492;1.2912892381786902;1.4168778557831605;7/29/18 12:00 AM;70.30586666666667;73.71273015873017;69.7591746031746;"1";"1";"1";"Sunday"
1.4654793817904723;1.2863013551351459;1.4074460913886502;7/30/18 12:00 AM;71.4;74.99;71.19;"0";"0";"0";"Monday"
1.4627555446828713;1.2815849141416589;1.4050946379608724;7/31/18 12:00 AM;71.4;74.16;69.88;"0";"0";"0";"Tuesday"
1.4592576814047233;1.2769804484972702;1.4021456465668272;8/1/18 12:00 AM;69.51;72.28;68.8;"0";"0";"0";"Wednesday"
1.4636632264628648;1.2787853546631114;1.4055477516811163;8/2/18 12:00 AM;70.39128395061728;72.95;68.95;"1";"1";"1";"Thursday"
1.4682832493702713;1.2786355227466562;1.4097835193676058;8/3/18 12:00 AM;70.02;72.48;68.49;"1";"1";"0";"Friday"
1.4648712885899888;1.2736963348061954;1.408455384962869;8/4/18 12:00 AM;70.37021739130435;72.40492063492063;68.6916507936508;"0";"0";"0";"Saturday"
1.48150441239124;1.2884226089531616;1.4271730730102068;8/5/18 12:00 AM;70.36106280193236;72.37387301587302;68.66692063492063;"1";"1";"1";"Sunday"
1.47757124097259;1.2871140686119296;1.4192867484899598;8/6/18 12:00 AM;70.45;72.51;69.01;"0";"0";"0";"Monday"
1.4775478081259061;1.2903419889687897;1.419053340422709;8/7/18 12:00 AM;71.37;72.31;69.17;"0";"0";"1";"Tuesday"
1.4788122740962084;1.2925571140339986;1.4197508712502955;8/8/18 12:00 AM;70.2218439716312;70.71;66.92;"1";"1";"1";"Wednesday"
1.4798695305783656;1.29469332993409;1.420940650329641;8/9/18 12:00 AM;69.27;70.55;66.81;"1";"1";"1";"Thursday"
1.4754547824244888;1.2936740451112212;1.4169948132789119;8/10/18 12:00 AM;69.27;71.0;67.61;"0";"0";"0";"Friday"
1.4799757199841834;1.2962983086466642;1.4240460461656883;8/11/18 12:00 AM;69.76409586056644;70.62546031746031;67.03603174603175;"1";"1";"1";"Saturday"
1.482897433760357;1.3009308740940115;1.4278483839660365;8/12/18 12:00 AM;69.71108974358974;70.60019047619048;67.00812698412699;"1";"1";"1";"Sunday"
1.4789095600679398;1.2993450670356177;1.4195274545945131;8/13/18 12:00 AM;69.58;70.62;67.25;"0";"0";"0";"Monday"
1.4785008125893102;1.2999301777812158;1.4193222956733815;8/14/18 12:00 AM;70.02576519916144;70.77;67.04;"0";"0";"1";"Tuesday"
1.4781356663820675;1.3020062318879557;1.4194309828067115;8/15/18 12:00 AM;70.14;68.38;65.07;"1";"0";"1";"Wednesday"
1.4785496539334253;1.3012489115409867;1.4199920516570568;8/16/18 12:00 AM;70.03056565656566;69.21;65.44;"1";"1";"0";"Thursday"
1.4783739292900773;1.3016787704308121;1.4201908705542483;8/17/18 12:00 AM;68.99;70.14;65.93;"1";"0";"1";"Friday"
1.4825728595725234;1.3045390276936042;1.4259265208503824;8/18/18 12:00 AM;70.5612865497076;71.23904761904761;67.06888888888889;"1";"1";"1";"Saturday"
1.487290539436278;1.307909561098965;1.432238031215024;8/19/18 12:00 AM;70.58428849902535;71.28584126984127;67.0999365079365;"1";"1";"1";"Sunday"
1.4817411968671588;1.304382349573887;1.4231836350858977;8/20/18 12:00 AM;68.99;71.11;66.5;"0";"0";"0";"Monday"
1.475534013355512;1.2984902450232416;1.4168738292052079;8/21/18 12:00 AM;71.73632323232323;71.65;67.32;"0";"0";"0";"Tuesday"
1.4770093248283545;1.2999758157852985;1.4178286480655382;8/22/18 12:00 AM;68.99;72.96;67.85;"1";"1";"1";"Wednesday"
1.4793372096286521;1.301832921616897;1.4201027666222594;8/23/18 12:00 AM;71.82536687631028;73.73;69.13;"1";"1";"1";"Thursday"
1.4837353498022292;1.305410284438931;1.4248547545537311;8/24/18 12:00 AM;73.67;74.41;69.71;"1";"1";"1";"Friday"
1.4896131985928351;1.312634850904841;1.4334017398257919;8/25/18 12:00 AM;72.53415094339623;74.40565079365079;68.88819047619046;"1";"1";"1";"Saturday"
1.4949738685364415;1.3171241926774648;1.4395994287350324;8/26/18 12:00 AM;72.58385744234802;74.45809523809523;68.91285714285713;"1";"1";"1";"Sunday"
1.4903761112149674;1.31432509270661;1.432166861394634;8/27/18 12:00 AM;73.7;74.41;69.97;"0";"0";"0";"Monday"
1.4904576966023786;1.314411739164396;1.4319767731686435;8/28/18 12:00 AM;73.7;75.91;68.54;"0";"1";"1";"Tuesday"
1.4883749143138747;1.3135365456740757;1.4301283208784399;8/29/18 12:00 AM;73.76584444444444;76.07;69.68;"0";"0";"0";"Wednesday"
1.4899019336330566;1.315966004326202;1.4307330508247713;8/30/18 12:00 AM;75.31;77.05;70.25;"1";"1";"1";"Thursday"
1.4919654670729177;1.3186491298479066;1.4325392265078285;8/31/18 12:00 AM;75.31;76.94;69.84;"1";"1";"1";"Friday"
1.4971015550060711;1.325347557510468;1.4392807075436669;9/1/18 12:00 AM;74.44306584362138;76.39536507936508;69.22200542005419;"1";"1";"1";"Saturday"
1.5020930829581653;1.3309255934745816;1.4466950792604112;9/2/18 12:00 AM;75.19630303030304;76.40438095238095;69.0139947089947;"1";"1";"1";"Sunday"
1.4982820942853623;1.3261639297828192;1.439344908398077;9/3/18 12:00 AM;75.21361616161614;77.81;68.99632275132277;"0";"0";"0";"Monday"
1.4949065753295796;1.3251401554210605;1.435191631065304;9/4/18 12:00 AM;76.47;77.51;69.82;"0";"0";"0";"Tuesday"
1.5038947570450805;1.3383706139355296;1.44442779082438;9/5/18 12:00 AM;75.48086419753086;76.68;68.69;"1";"1";"1";"Wednesday"
1.5015198980539721;1.3362998751670738;1.4409345092244215;9/6/18 12:00 AM;75.49;75.67;67.81;"0";"0";"0";"Thursday"
1.5049342533719525;1.3400294162938025;1.4444404358546619;9/7/18 12:00 AM;75.49;75.55;67.73;"1";"1";"1";"Friday"
1.5081610077535215;1.3411738323740503;1.4506909440525215;9/8/18 12:00 AM;75.96619047619048;77.33898412698413;68.83359649122806;"1";"1";"1";"Saturday"
1.5121387779661564;1.3449854721971781;1.4560819172222625;9/9/18 12:00 AM;75.97319444444445;77.36222222222223;68.75294294294294;"1";"1";"1";"Sunday"
1.5072226892172957;1.3398812286758957;1.4472683044539663;9/10/18 12:00 AM;76.07638383838383;76.77;67.55;"0";"0";"0";"Monday"
1.5090218791075887;1.3389741610230883;1.4503314920503532;9/11/18 12:00 AM;75.65;78.22;69.29;"1";"1";"0";"Tuesday"
1.5124749410551837;1.3425440993180804;1.4533490555353163;9/12/18 12:00 AM;77.16;80.02;70.37;"1";"1";"1";"Wednesday"
1.5158748506097577;1.3440870473951136;1.4558153128330595;9/13/18 12:00 AM;76.18742222222222;77.66;68.6;"1";"1";"1";"Thursday"
1.514105405376228;1.3436127812274912;1.454919483422186;9/14/18 12:00 AM;76.33;77.87;68.98;"0";"0";"0";"Friday"
1.518252161919443;1.3446403287373359;1.4621268822008484;9/15/18 12:00 AM;76.18557777777778;78.53177777777776;69.59825396825397;"1";"1";"1";"Saturday"
1.5213134065355423;1.3461986346524695;1.465994929395485;9/16/18 12:00 AM;76.18886666666667;78.54539682539684;69.6191746031746;"1";"1";"1";"Sunday"
1.5147128961304768;1.339295387376992;1.4546685389427993;9/17/18 12:00 AM;76.23;78.22;68.86;"0";"0";"0";"Monday"
1.5123932807596718;1.3371699256517984;1.452807748507009;9/18/18 12:00 AM;76.23;79.25;69.87;"0";"0";"0";"Tuesday"
1.508913581236235;1.3356124378902583;1.4481685045684485;9/19/18 12:00 AM;76.68864734299517;79.43;71.08;"0";"0";"0";"Wednesday"
1.5082167410652125;1.3345759745240724;1.4486850700867284;9/20/18 12:00 AM;76.38;79.03;70.77;"1";"0";"0";"Thursday"
1.5088444736644548;1.335972663777337;1.4489098090993728;9/21/18 12:00 AM;76.38;78.9;70.8;"1";"1";"1";"Friday"
1.5099060047851178;1.3369830960304372;1.4523750383426164;9/22/18 12:00 AM;77.47004830917875;80.37726984126984;71.55615873015873;"1";"1";"1";"Saturday"
1.514032183107612;1.3399621668354063;1.4569176929039902;9/23/18 12:00 AM;77.49954106280191;80.42298412698412;71.5968253968254;"1";"1";"1";"Sunday"
1.506365003628099;1.3339710530019935;1.4458645259639327;9/24/18 12:00 AM;76.38;80.89;73.23;"0";"0";"0";"Monday"
1.5044586143698921;1.3326587123992388;1.444401906254198;9/25/18 12:00 AM;78.073012345679;82.21;73.4;"0";"0";"0";"Tuesday"
1.4966641366797984;1.3274702230713413;1.4369967669054438;9/26/18 12:00 AM;78.18;81.87;72.22;"0";"0";"0";"Wednesday"
1.5034630943487957;1.337622578023634;1.4437452351224977;9/27/18 12:00 AM;78.23;81.54;72.18;"1";"1";"1";"Thursday"
1.5069890304589204;1.342376748509551;1.4475419478324405;9/28/18 12:00 AM;79.85;82.72;73.16;"1";"1";"1";"Friday"
1.5125592463136783;1.3475346554123557;1.4563340282779418;9/29/18 12:00 AM;79.1140589569161;83.62241269841269;73.96885714285715;"1";"1";"1";"Saturday"
1.5172260193956812;1.3526778400212867;1.462168606697427;9/30/18 12:00 AM;79.15183006535946;83.67949206349205;74.0051746031746;"1";"1";"1";"Sunday"
1.5075861060373663;1.3459264433856506;1.448648315568667;10/1/18 12:00 AM;81.12;84.94;75.37;"0";"0";"0";"Monday"
1.513924594145077;1.3548010873842078;1.453380879972531;10/2/18 12:00 AM;79.68576923076924;85.63;75.16;"1";"1";"1";"Tuesday"
1.5205652778355412;1.3637628491135376;1.4648339700216428;10/3/18 12:00 AM;81.99;85.45;76.4;"1";"1";"1";"Wednesday"
1.5218643470916817;1.3697128359797015;1.461504113135163;10/4/18 12:00 AM;79.7077366255144;86.07;74.44;"0";"1";"1";"Thursday"
1.5244764337197123;1.3756962592101007;1.4651615629994983;10/5/18 12:00 AM;81.64;85.12;74.26;"1";"1";"1";"Friday"
1.529468128195663;1.3843858389521673;1.471910531039517;10/6/18 12:00 AM;79.70477582846004;84.30288888888887;74.07968253968254;"1";"1";"1";"Saturday"
1.5299219622423812;1.385740557634475;1.4734422936671163;10/7/18 12:00 AM;79.53750487329434;84.2649523809524;74.04523809523809;"1";"1";"1";"Sunday"
1.5227398808925043;1.3789385034196386;1.4632911859643012;10/8/18 12:00 AM;80.58;84.22;74.27;"0";"0";"0";"Monday"
1.5218547506912277;1.3773772253010665;1.462052969382711;10/9/18 12:00 AM;79.25518518518518;85.16;74.95;"0";"0";"0";"Tuesday"
1.5214381244988222;1.3805276490968181;1.461848586635634;10/10/18 12:00 AM;81.5;83.82;73.18;"0";"0";"1";"Wednesday"
1.5195980971039318;1.3819358768144927;1.459533743392293;10/11/18 12:00 AM;78.58189655172414;81.35;70.97;"0";"0";"1";"Thursday"
1.5159152544102235;1.3776431864176577;1.4559922930681026;10/12/18 12:00 AM;76.54;80.71;71.41;"0";"0";"0";"Friday"
1.5051858673774452;1.3704509384377426;1.4472695914756772;10/13/18 12:00 AM;78.48264814814814;81.71971428571429;71.61526984126985;"0";"0";"0";"Saturday"
1.5106270265185144;1.3763556730744457;1.4546451798870597;10/14/18 12:00 AM;77.71212962962963;81.67771428571427;71.57212698412698;"1";"1";"1";"Sunday"
1.5077763914277393;1.3753010092979323;1.4480783808846538;10/15/18 12:00 AM;76.54;80.91;71.84;"0";"0";"0";"Monday"
1.5009444135888648;1.3685443535129491;1.4408087913588112;10/16/18 12:00 AM;76.59;80.53;71.93;"0";"0";"0";"Tuesday"
1.5015070747407515;1.3697622658749498;1.4412685191738754;10/17/18 12:00 AM;76.82582877959926;79.91;69.63;"1";"1";"1";"Wednesday"
1.5059620977328427;1.3739285949305506;1.446517205146161;10/18/18 12:00 AM;76.09994160030338;80.3;68.63;"1";"1";"1";"Thursday"
1.5092992009222166;1.379710871487088;1.450441389769321;10/19/18 12:00 AM;75.72;80.38;69.16;"1";"1";"1";"Friday"
1.510178575558751;1.3811545479074208;1.4541223161632448;10/20/18 12:00 AM;75.35177777777778;79.35587301587302;68.83501587301586;"1";"1";"1";"Saturday"
1.5173312888351613;1.3892555910345719;1.463393517605686;10/21/18 12:00 AM;75.3160014914243;79.32136507936508;68.79038095238094;"1";"1";"1";"Sunday"
1.5132525330867128;1.3875700683190941;1.453970301550546;10/22/18 12:00 AM;74.59197379383473;80.45;69.25;"0";"0";"0";"Monday"
1.5182439434335353;1.3972249566117123;1.4587097118582855;10/23/18 12:00 AM;73.1;78.67;66.49;"1";"1";"1";"Tuesday"
1.5231224443017377;1.4041764520491888;1.4625295280556605;10/24/18 12:00 AM;74.54479602223789;77.34;66.56;"1";"1";"1";"Wednesday"
1.5268371572738861;1.4083709903055361;1.4669273968354828;10/25/18 12:00 AM;73.02;77.3;67.25;"1";"1";"1";"Thursday"
1.5302145824583575;1.4134903100349028;1.4689750569024658;10/26/18 12:00 AM;73.66;77.4;67.58;"1";"1";"1";"Friday"
1.5378250292490443;1.4214937668941168;1.4799665319955497;10/27/18 12:00 AM;73.89952523853492;76.22517291255753;66.28474556213017;"1";"1";"1";"Saturday"
1.541355758049206;1.4242414892113737;1.485206849239245;10/28/18 12:00 AM;73.26182006920415;76.15978435239974;66.24734911242604;"1";"1";"1";"Sunday"
1.538062805337794;1.4236368217847841;1.4777268906868692;10/29/18 12:00 AM;73.96;77.56;67.0;"0";"0";"0";"Monday"
1.5428520982711764;1.4321245420219273;1.482370467980857;10/30/18 12:00 AM;72.46688156638012;75.68;66.18;"1";"1";"1";"Tuesday"
1.5460480343717664;1.4377063249231703;1.48687080254838;10/31/18 12:00 AM;73.16;74.84;65.31;"1";"1";"1";"Wednesday"
1.5495182195882737;1.4430116866462175;1.4911604118421953;11/1/18 12:00 AM;71.8176917562724;71.25;63.67;"1";"1";"1";"Thursday"
1.5485667066207875;1.443303592044007;1.4889525129944499;11/2/18 12:00 AM;73.84;71.11;63.12;"0";"0";"1";"Friday"
1.5498740835528781;1.4445306617205014;1.4930275477079873;11/3/18 12:00 AM;71.1644099670898;72.21828571428571;63.3332380952381;"1";"1";"1";"Saturday"
1.5528106297617528;1.4465882010136257;1.4969955157225017;11/4/18 12:00 AM;71.11889985895628;72.15885714285714;63.277968253968254;"1";"1";"1";"Sunday"
1.5452247390725005;1.4415221711818753;1.486212941104561;11/5/18 12:00 AM;70.29577490627742;72.68;63.12;"0";"0";"0";"Monday"
1.5440954651217866;1.4404926696717568;1.4846478025285403;11/6/18 12:00 AM;69.85;70.64;62.16;"0";"0";"0";"Tuesday"
1.5420542492638891;1.44081014439947;1.482905846067644;11/7/18 12:00 AM;69.48834381551363;70.1;61.69;"0";"0";"1";"Wednesday"
1.54259325384661;1.4426579810549511;1.483179529874371;11/8/18 12:00 AM;69.61;69.29;60.71;"1";"1";"1";"Thursday"
1.5454643354784563;1.4478230265634;1.4863464656184249;11/9/18 12:00 AM;68.19;69.01;60.19;"1";"1";"1";"Friday"
1.550390461807944;1.4518332175542668;1.4934994170770364;11/10/18 12:00 AM;68.5296;68.30942857142857;59.27749206349207;"1";"1";"1";"Saturday"
1.5529717170695987;1.4534994249897117;1.4974369573735016;11/11/18 12:00 AM;67.51111111111112;68.24377777777778;59.20355555555555;"1";"1";"1";"Sunday"
1.5468744300300081;1.4477963014078368;1.487388744134813;11/12/18 12:00 AM;69.03;69.81;59.85;"0";"0";"0";"Monday"
1.5449374406926983;1.4469616466246653;1.4848823231714672;11/13/18 12:00 AM;66.76;65.45;55.63;"0";"0";"0";"Tuesday"
1.540733553094926;1.4424580464321841;1.4821593509071094;11/14/18 12:00 AM;66.06985507246377;64.88;56.16;"0";"0";"0";"Wednesday"
1.5350377188748792;1.4375315109771132;1.4749586772380026;11/15/18 12:00 AM;64.53;65.61;56.45;"0";"0";"0";"Thursday"
1.5338492373360695;1.4345632397672874;1.4736758776376984;11/16/18 12:00 AM;65.85;65.29;56.49;"0";"0";"0";"Friday"
1.5384736596994526;1.4393146190660857;1.4811193080500413;11/17/18 12:00 AM;64.88395555555556;63.76660317460317;56.93322493224932;"1";"1";"1";"Saturday"
1.5331122876340288;1.4332743929256053;1.4765997875494172;11/18/18 12:00 AM;64.82064102564102;63.68739682539683;56.08886304909561;"0";"0";"0";"Sunday"
1.5302756700254447;1.4280792858962055;1.4709751567910092;11/19/18 12:00 AM;64.94;64.14;57.16;"0";"0";"0";"Monday"
1.5274930746056639;1.4257506970273992;1.4676060519363645;11/20/18 12:00 AM;62.65943396226415;61.5;53.39;"0";"0";"0";"Tuesday"
1.5213595383026233;1.4193998044755638;1.4622776394463506;11/21/18 12:00 AM;62.14;61.65;54.41;"0";"0";"0";"Wednesday"
1.5136174518181849;1.4091100781496975;1.4541606159970832;11/22/18 12:00 AM;62.51391919191919;61.11;53.83251700680273;"0";"0";"0";"Thursday"
1.5044745777510091;1.3974584517995516;1.4446601980956482;11/23/18 12:00 AM;59.18;57.69;53.28056689342404;"0";"0";"0";"Friday"
1.5049531812298864;1.3953380999323108;1.44723697994011;11/24/18 12:00 AM;60.986549707602336;59.92892063492063;53.228798185941045;"1";"1";"0";"Saturday"
1.5076247586663813;1.3968248383842325;1.4516153793457067;11/25/18 12:00 AM;60.94212475633527;59.888158730158736;52.866903073286046;"1";"1";"1";"Sunday"
1.4986824663202503;1.3873833880258517;1.440993096516043;11/26/18 12:00 AM;58.51;59.7;51.46;"0";"0";"0";"Monday"
1.4922018371349637;1.3815158323872605;1.4355187583859053;11/27/18 12:00 AM;59.669609053497936;59.58;51.31;"0";"0";"0";"Tuesday"
1.4874056138969565;1.3778999435295347;1.4306274343207699;11/28/18 12:00 AM;58.21;57.97;50.06;"0";"0";"0";"Wednesday"
1.4820454678460675;1.3747705303470132;1.4253131362394498;11/29/18 12:00 AM;59.62378205128205;58.29;51.46;"0";"0";"0";"Thursday"
1.4769800817744954;1.3683697486423052;1.4210730196219996;11/30/18 12:00 AM;56.99;57.71;50.78;"0";"0";"0";"Friday"
1.4781753298257936;1.3687104348895385;1.4249050794824236;12/1/18 12:00 AM;59.04322440087146;59.52784126984127;51.81006349206349;"1";"1";"1";"Saturday"
1.480117580379971;1.3710638504422572;1.427471705023383;12/2/18 12:00 AM;58.78693333333334;59.556666666666665;51.83565079365079;"1";"1";"1";"Sunday"
1.4753859066117683;1.3662837512191137;1.4197258724517994;12/3/18 12:00 AM;59.24;60.17;52.98;"0";"0";"0";"Monday"
1.471646162040011;1.3642898147721187;1.4159433101352064;12/4/18 12:00 AM;60.9;61.22;53.21;"0";"0";"0";"Tuesday"
1.4694427537803072;1.3599256622374922;1.4141222212712727;12/5/18 12:00 AM;59.8;61.4;52.64;"0";"0";"0";"Wednesday"
1.4633835316527295;1.3525157673577366;1.4074545191251455;12/6/18 12:00 AM;58.648574879227056;57.83;51.54;"0";"0";"0";"Thursday"
1.4567392105587185;1.3440827715995032;1.4011020652574413;12/7/18 12:00 AM;57.3;61.71;52.76;"0";"0";"0";"Friday"
1.454493524898543;1.3403063259812544;1.400671734291113;12/8/18 12:00 AM;58.65992907801419;60.00780952380953;52.08139682539682;"0";"0";"0";"Saturday"
1.455542572875286;1.3406115317381073;1.4030791806668814;12/9/18 12:00 AM;58.65524822695036;59.99263492063491;52.06419047619047;"1";"1";"1";"Sunday"
1.452204820888358;1.338318766003;1.396672973013469;12/10/18 12:00 AM;58.53;60.29;51.07;"0";"0";"0";"Monday"
1.4450112965242088;1.3289597622090268;1.3886011947877037;12/11/18 12:00 AM;58.359951690821255;59.73;51.65;"0";"0";"0";"Tuesday"
1.4369728652197904;1.321014371970482;1.3789962917244234;12/12/18 12:00 AM;59.17;59.94;51.04;"0";"0";"0";"Wednesday"
1.4315738833437426;1.3155401226695347;1.3744821455205074;12/13/18 12:00 AM;57.55;59.03;52.69;"0";"0";"0";"Thursday"
1.4265685019652041;1.3100971901053573;1.3697469319940274;12/14/18 12:00 AM;58.5;58.56;51.26;"0";"0";"0";"Friday"
1.4226881111972873;1.30618026114716;1.367768598793043;12/15/18 12:00 AM;57.49688034188034;57.146031746031746;49.331301587301596;"0";"0";"0";"Saturday"
1.4236767114965734;1.3063439043119196;1.3704715292816412;12/16/18 12:00 AM;56.58937373737374;57.06879365079365;49.2588888888889;"1";"1";"1";"Sunday"
1.4199306360929698;1.304931437930777;1.3633413680149526;12/17/18 12:00 AM;58.5;57.59;49.8;"0";"0";"0";"Monday"
1.412687131112169;1.2970165210444131;1.3556230057478298;12/18/18 12:00 AM;55.59001915708812;55.26;46.12;"0";"0";"0";"Tuesday"
1.4058207001627443;1.290891074864879;1.3488351524472122;12/19/18 12:00 AM;54.0;55.6;47.96;"0";"0";"0";"Wednesday"
1.3972919775304717;1.2822900611488481;1.3403437539619731;12/20/18 12:00 AM;55.478107638888886;52.84;45.64;"0";"0";"0";"Thursday"
1.38896891942358;1.2750772864778097;1.3325927604697339;12/21/18 12:00 AM;51.1;51.93;45.38;"0";"0";"0";"Friday"
1.3829031148087183;1.2670364336950206;1.3292064452699925;12/22/18 12:00 AM;55.411996996997;55.14781970649895;47.34437352245862;"0";"0";"0";"Saturday"
1.378053404547153;1.2600717890438462;1.3250358209129214;12/23/18 12:00 AM;55.393388888888886;54.594961685823755;47.32368191721133;"0";"0";"0";"Sunday"
1.3774843269346215;1.260190149619455;1.3248084666524842;12/24/18 12:00 AM;51.5;54.03989071038253;46.73394129979035;"0";"0";"1";"Monday"
1.378611610340714;1.2603701436736825;1.3284358536824654;12/25/18 12:00 AM;55.160661672908866;53.75146953405018;46.33012578616352;"1";"1";"1";"Tuesday"
1.3759338747558478;1.2594482809364704;1.3248660403518058;12/26/18 12:00 AM;55.14365591397849;53.736720430107525;46.04;"0";"0";"0";"Wednesday"
1.3701428614873816;1.2522796557339013;1.3151577432089014;12/27/18 12:00 AM;51.0;51.49;44.48;"0";"0";"0";"Thursday"
1.36398060198984;1.2448259701497977;1.309157228855354;12/28/18 12:00 AM;49.8;50.57;45.15;"0";"0";"0";"Friday"
1.3627218094089524;1.2407895960559805;1.3091813010752744;12/29/18 12:00 AM;55.119059829059836;53.853993055555556;46.318991452991455;"1";"0";"0";"Saturday"
1.3632245210977751;1.240826353946517;1.3115254016592406;12/30/18 12:00 AM;55.13872427983539;54.242010582010586;46.32561815336464;"1";"1";"1";"Sunday"
1.3618005518240548;1.2390792338629295;1.3101648522047622;12/31/18 12:00 AM;55.23042424242425;54.98044444444445;46.33121212121212;"0";"0";"0";"Monday"
1.3607864603545246;1.239173683082945;1.3117883778723076;1/1/19 12:00 AM;55.383143143143144;55.67454545454545;46.33599732262383;"1";"0";"1";"Tuesday"
1.354144533591958;1.2321094124008378;1.299224682461704;1/2/19 12:00 AM;55.40935935935936;54.06;46.31;"0";"0";"0";"Wednesday"
1.3458278123811909;1.2244069292891004;1.2904392727691671;1/3/19 12:00 AM;55.43557557557558;53.23;46.92;"0";"0";"0";"Thursday"
1.3461870940807914;1.2250897779286916;1.291299009644613;1/4/19 12:00 AM;55.68054545454546;55.64;46.34796469366563;"1";"1";"1";"Friday"
1.3510043588106182;1.227815353455857;1.2982350208278595;1/5/19 12:00 AM;55.714660493827154;55.88759689922481;46.35070275403609;"1";"1";"1";"Saturday"
1.35365774912318;1.2284111541300542;1.301206621136923;1/6/19 12:00 AM;56.323098290598296;56.59772357723577;46.35300962379703;"1";"1";"1";"Sunday"
1.3535649071545222;1.2319967353881827;1.2975702736406318;1/7/19 12:00 AM;56.360400000000006;57.1;46.3549797242498;"0";"0";"1";"Monday"
1.3497586220870623;1.2320737400054087;1.2943481012653602;1/8/19 12:00 AM;57.10328605200945;56.91;46.35668178382464;"0";"0";"1";"Tuesday"
1.3465184882672345;1.233489976909298;1.2910893002990316;1/9/19 12:00 AM;55.1;59.46;46.35816702052371;"0";"0";"1";"Wednesday"
1.3437488656018015;1.2359816469781033;1.2882714250402785;1/10/19 12:00 AM;57.17817460317461;60.47;46.35947438456421;"0";"0";"1";"Thursday"
1.3464320802721095;1.236986627847121;1.2907493117997961;1/11/19 12:00 AM;59.32;59.24;46.36063402385436;"1";"1";"1";"Friday"
1.349015264241489;1.2408875139635043;1.295682140990059;1/12/19 12:00 AM;57.26470085470085;59.22403174603174;46.36166963755199;"1";"1";"1";"Saturday"
1.3514653845110634;1.2437591907302665;1.2988845304011596;1/13/19 12:00 AM;57.99133633633634;59.24298412698412;46.36260011280315;"1";"1";"1";"Sunday"
1.3480369318041325;1.241715756833531;1.29251934809208;1/14/19 12:00 AM;57.99;58.8;46.36344068706388;"0";"0";"0";"Monday"
1.3437672199007242;1.2396112010817186;1.288820211582912;1/15/19 12:00 AM;58.87702564102564;58.65;46.3642037890425;"0";"0";"0";"Tuesday"
1.338174704493496;1.2375920658269741;1.2820021963916646;1/16/19 12:00 AM;58.3;59.81;46.36489965736661;"0";"0";"0";"Wednesday"
1.3333304015273766;1.2377567007131938;1.2777732523844263;1/17/19 12:00 AM;58.90941619585688;59.85;46.36553680262541;"0";"0";"1";"Thursday"
1.3373766315102602;1.2433085424502184;1.2810726300153255;1/18/19 12:00 AM;59.88;62.04;46.36612235717499;"1";"1";"1";"Friday"
1.3361916898777442;1.244190621793705;1.2827171040227245;1/19/19 12:00 AM;58.94405458089669;60.60215873015872;46.36666234327713;"1";"0";"1";"Saturday"
1.3373122311674726;1.2467857891259289;1.2840826293147112;1/20/19 12:00 AM;58.95925925925926;60.626158730158735;46.36716188098211;"1";"1";"1";"Sunday"
1.3355504652309527;1.2456964472768381;1.2801217470832023;1/21/19 12:00 AM;60.8;62.18;46.36762535098275;"0";"0";"0";"Monday"
1.3260716989025145;1.237933896033178;1.2703597730342227;1/22/19 12:00 AM;60.13;60.9;46.368056523422375;"0";"0";"0";"Tuesday"
1.3319359926338685;1.2457378460066673;1.2767172157392956;1/23/19 12:00 AM;59.37481481481482;61.05;46.36845866068087;"1";"1";"1";"Wednesday"
1.3303363386234617;1.2449561289013842;1.2755200867616519;1/24/19 12:00 AM;58.84;61.09;46.36883460007238;"0";"0";"0";"Thursday"
1.3299489666037354;1.245213821361812;1.274308241709526;1/25/19 12:00 AM;59.59545454545455;61.49;46.36918682089029;"0";"0";"1";"Friday"
1.3265783618255458;1.2417086186474784;1.2725405183598066;1/26/19 12:00 AM;59.59561616161616;61.338571428571434;46.36951749915053;"0";"0";"0";"Saturday"
1.3282478276170355;1.243953009483616;1.2752773664296724;1/27/19 12:00 AM;59.71076131687243;61.3391746031746;46.3698285525882;"1";"1";"1";"Sunday"
1.3262661992518987;1.2422049423627362;1.2691174353357875;1/28/19 12:00 AM;58.87;59.71;46.37012167787383;"0";"0";"0";"Monday"
1.3214856470173988;1.238548250143039;1.2650094512574552;1/29/19 12:00 AM;59.639498910675385;60.98;46.37039838157486;"0";"0";"0";"Tuesday"
1.3176854745857025;1.2362762602447837;1.2615547988125122;1/30/19 12:00 AM;59.75;61.89;46.3706600060551;"0";"0";"0";"Wednesday"
1.3165517336101342;1.2371258363919169;1.2610039930928152;1/31/19 12:00 AM;59.75;62.46;46.37090775125258;"0";"0";"1";"Thursday"
1.3191915855989105;1.2397063717570467;1.2640776652648342;2/1/19 12:00 AM;59.2;61.86;46.37114269308068;"1";"1";"1";"Friday"
1.3217071909946547;1.2407596374432561;1.2683317156225242;2/2/19 12:00 AM;59.477494553376914;61.56650793650793;46.37136579904841;"1";"1";"1";"Saturday"
1.3227814584035906;1.2436541464542452;1.2709817288841876;2/3/19 12:00 AM;59.48145969498911;61.57168253968254;46.37157794157795;"1";"1";"1";"Sunday"
1.3221845225364912;1.2413835412147856;1.2673976843954813;2/4/19 12:00 AM;60.46;62.26;46.37177990940581;"0";"0";"0";"Monday"
1.323520366211002;1.2427674475200596;1.2678301607495723;2/5/19 12:00 AM;59.792;61.67;46.37197241738225;"1";"1";"1";"Tuesday"
1.3225855653084901;1.2421845420023108;1.2675446867093867;2/6/19 12:00 AM;59.6;62.22;46.37215611492499;"0";"0";"0";"Wednesday"
1.3244137748101328;1.2433563876450748;1.2687614225460127;2/7/19 12:00 AM;60.18959999999999;61.01;46.3723315933383;"1";"1";"1";"Thursday"
1.3249612373139859;1.243666958167109;1.2688146468444672;2/8/19 12:00 AM;59.12;61.37;46.372499392171164;"1";"1";"1";"Friday"
1.3288304064088197;1.2488308948079023;1.2744530566434804;2/9/19 12:00 AM;60.21589743589744;62.480000000000004;46.37266000475851;"1";"1";"1";"Saturday"
1.3314050615827542;1.2529289444545608;1.2785744593536175;2/10/19 12:00 AM;60.64675213675214;62.50625396825396;46.372813883065454;"1";"1";"1";"Sunday"
1.3294919440288477;1.251523997333272;1.2736233362104696;2/11/19 12:00 AM;59.93;61.3;46.37296144193475;"0";"0";"0";"Monday"
1.3292556931856172;1.2510395230296598;1.2736875810616017;2/12/19 12:00 AM;59.12;62.58;46.37310306282137;"1";"0";"0";"Tuesday"
1.3263447964596504;1.2491355575226628;1.271515510324299;2/13/19 12:00 AM;61.2587242798354;63.27;46.37323909708525;"0";"0";"0";"Wednesday"
1.3323977133602862;1.2543154637122496;1.2766904630545477;2/14/19 12:00 AM;62.25;64.0;46.37336986890178;"1";"1";"1";"Thursday"
1.3300944996374695;1.2532086196873649;1.2740632767151505;2/15/19 12:00 AM;63.07;65.65;46.37349567784104;"0";"0";"0";"Friday"
1.3408416136010484;1.2625476308276053;1.286516978140402;2/16/19 12:00 AM;62.08145593869732;64.97104761904761;46.373616801158704;"1";"1";"1";"Saturday"
1.3472806720743957;1.267302762782163;1.2940082970057571;2/17/19 12:00 AM;62.115407407407396;65.02219047619047;46.37373349583587;"1";"1";"1";"Sunday"
1.3485754083348143;1.2702320671853589;1.2928057372659014;2/18/19 12:00 AM;62.55384335154828;66.41;46.37384600039897;"0";"1";"1";"Monday"
1.3515641759528605;1.2716328053611454;1.2962471929579429;2/19/19 12:00 AM;64.3;65.86;46.37395453654713;"1";"1";"1";"Tuesday"
1.3523312394763272;1.2691690494457883;1.2962289759192733;2/20/19 12:00 AM;62.61047619047619;66.82;46.374059310610434;"0";"1";"0";"Wednesday"
1.3534257967263255;1.268621682167627;1.2974516959296618;2/21/19 12:00 AM;63.01954144620811;66.91;46.374160514858985;"1";"1";"0";"Thursday"
1.3480401693656914;1.263422307616422;1.2928526259490727;2/22/19 12:00 AM;65.59;66.91;46.37425832868043;"0";"0";"0";"Friday"
1.354326094162094;1.2703753071888488;1.2997241990232786;2/23/19 12:00 AM;63.363559027777775;65.59584126984127;46.37435291964122;"1";"1";"1";"Saturday"
1.3560152326845325;1.2737643868819495;1.302605035887794;2/24/19 12:00 AM;63.37095486111111;65.56380952380952;46.37444444444445;"1";"1";"1";"Sunday"
1.3563252844999765;1.2738150573972662;1.2995859613371155;2/25/19 12:00 AM;64.14;64.02;46.374533049796206;"0";"1";"1";"Monday"
1.3547368299510345;1.272104122242784;1.2991746081652522;2/26/19 12:00 AM;63.54;64.51;46.3746188731903;"0";"0";"0";"Tuesday"
1.353147560650133;1.2694547873657378;1.2971706853474678;2/27/19 12:00 AM;63.98915343915344;65.55;46.37470204362013;"0";"0";"0";"Wednesday"
1.3502570682093973;1.2691101126303428;1.2949763256335343;2/28/19 12:00 AM;64.1427240143369;65.03;46.3747826822256;"0";"0";"0";"Thursday"
1.3519929199435292;1.2703630970967503;1.2960157412902928;3/1/19 12:00 AM;64.1;63.71;46.37486090288189;"1";"1";"1";"Friday"
1.3522227331903651;1.2715497890737668;1.298057585541804;3/2/19 12:00 AM;64.13548148148149;64.63774603174602;46.374936812735925;"1";"1";"1";"Saturday"
1.354951170126587;1.274872024342402;1.3014841596558138;3/3/19 12:00 AM;64.2423352165725;64.64044444444444;46.37501051269609;"1";"1";"1";"Sunday"
1.353227234678206;1.2727178724466663;1.2975194270049155;3/4/19 12:00 AM;63.43;64.44;46.37508209787981;"0";"0";"0";"Monday"
1.3531072047505701;1.2721209423237752;1.297294519159003;3/5/19 12:00 AM;64.14573412698412;64.24;46.375151658022936;"0";"0";"0";"Tuesday"
1.3519881417107784;1.2707318171220146;1.2953722001960797;3/6/19 12:00 AM;63.38;64.51;46.37521927785525;"0";"0";"0";"Wednesday"
1.3537475680530726;1.2715294285951144;1.2980728153349013;3/7/19 12:00 AM;64.16018518518518;64.82;46.3752850374446;"1";"1";"1";"Thursday"
1.358021409918549;1.2726147690775556;1.3014729678131904;3/8/19 12:00 AM;64.15;65.66;46.3753490125132;"1";"1";"1";"Friday"
1.3614788211476405;1.2740647499551874;1.3068185676584387;3/9/19 12:00 AM;64.24899371069182;65.21644444444445;46.37541127472854;"1";"1";"1";"Saturday"
1.3638656691966786;1.277180301387374;1.310422823188751;3/10/19 12:00 AM;64.39411764705882;65.23199999999999;46.37547189197123;"1";"1";"1";"Sunday"
1.3608787310985853;1.2733962444722187;1.3050365730800857;3/11/19 12:00 AM;64.12;65.06;46.37553092858178;"0";"0";"0";"Monday"
1.3612114655618248;1.2711989550325418;1.3050337358090915;3/12/19 12:00 AM;64.83;65.33;46.375588445588434;"0";"1";"0";"Tuesday"
1.3619005959739583;1.271018993488473;1.30542186908951;3/13/19 12:00 AM;64.48532407407407;65.89;46.37564450091769;"1";"1";"0";"Wednesday"
1.3626566641370508;1.269898242368531;1.30624321009408;3/14/19 12:00 AM;65.52;66.18;46.37569914958874;"1";"1";"0";"Thursday"
1.3647465957944371;1.2698942618496947;1.3076475890936714;3/15/19 12:00 AM;64.51;66.11;46.3757524438937;"1";"1";"0";"Friday"
1.3672577916627902;1.2689073604064973;1.3119547341472517;3/16/19 12:00 AM;64.60202614379085;66.524;46.37580443356454;"1";"1";"0";"Saturday"
1.3689437464683243;1.2694264854149593;1.3143336823207583;3/17/19 12:00 AM;64.8112606837607;66.54987301587302;46.37585516592772;"1";"1";"1";"Sunday"
1.3671169820050786;1.270188795469157;1.309423866929104;3/18/19 12:00 AM;64.9;66.65;46.37590468604805;"0";"0";"1";"Monday"
1.3657676261266183;1.2689019400077932;1.3086391744418109;3/19/19 12:00 AM;64.9820964360587;67.13;46.37595303686213;"0";"0";"0";"Tuesday"
1.3668185497905931;1.2680445298905587;1.3097911615696167;3/20/19 12:00 AM;65.07;68.35;46.37600025930248;"1";"1";"0";"Wednesday"
1.3691096033563892;1.2681710507663186;1.3121383708894843;3/21/19 12:00 AM;64.99086868686868;68.3;46.37604639241317;"1";"1";"1";"Thursday"
1.3731806409140923;1.2683987782082657;1.3162581457192186;3/22/19 12:00 AM;64.74;66.29;46.3760914734575;"1";"1";"1";"Friday"
1.3794321531295648;1.2663728299529362;1.323816148337234;3/23/19 12:00 AM;65.40148365056126;67.2991746031746;46.37613553801829;"1";"1";"0";"Saturday"
1.3864602782235254;1.2727232808668754;1.3318118215496555;3/24/19 12:00 AM;65.41091264031235;67.29765079365079;46.37617862009166;"1";"1";"1";"Sunday"
1.384427326699717;1.2696307589136788;1.326773729685542;3/25/19 12:00 AM;64.55;67.37;46.37622075217445;"0";"0";"0";"Monday"
1.3887366964259484;1.2656722393892694;1.3308085362291502;3/26/19 12:00 AM;65.93565518405944;67.51;46.37626196534593;"1";"1";"0";"Tuesday"
1.3968466959945247;1.2674525284761708;1.339694027076245;3/27/19 12:00 AM;65.7;67.35;46.37630228934435;"1";"1";"1";"Wednesday"
1.40333447230544;1.268005266673958;1.3448982684204305;3/28/19 12:00 AM;65.97435506484402;66.08;46.37634175263844;"1";"1";"1";"Thursday"
1.406868873624612;1.2643201268149462;1.3480918806827622;3/29/19 12:00 AM;65.98;67.93;46.37638038249443;"1";"1";"0";"Friday"
1.4058382745119211;1.2609481566758047;1.3480562166288415;3/30/19 12:00 AM;66.38634486457495;68.36966067864272;46.376418205038895;"0";"0";"0";"Saturday"
1.4058717454859382;1.2574725434225287;1.3502159036973143;3/31/19 12:00 AM;66.75118956394819;68.40625948103792;46.3764552453177;"1";"1";"0";"Sunday"
1.4104418179649585;1.261895885093576;1.3509271559962674;4/1/19 12:00 AM;66.6;69.08;46.3764900304349;"1";"1";"1";"Monday"
1.4167574329774884;1.2636314321436508;1.3568521794695283;4/2/19 12:00 AM;66.74;69.68;46.37652560745558;"1";"1";"1";"Tuesday"
1.4213001050664393;1.2639108694964236;1.361657300986233;4/3/19 12:00 AM;67.26580740740742;69.21;46.376560470496415;"1";"1";"1";"Wednesday"
1.4225005958247325;1.2611593855913057;1.362884289931403;4/4/19 12:00 AM;67.76;69.8;46.376594640836714;"1";"1";"0";"Thursday"
1.4257944857133522;1.2631511435767333;1.3654964145810042;4/5/19 12:00 AM;67.76;69.93;46.376628138918484;"1";"1";"1";"Friday"
1.4299511447963045;1.263558717583299;1.3729468550204271;4/6/19 12:00 AM;68.09570766596151;70.42184126984127;46.37666098438726;"1";"1";"1";"Saturday"
1.4313797307262295;1.2630344879880344;1.3768711141443986;4/7/19 12:00 AM;68.12290621537221;70.45022222222222;46.37669319613045;"1";"1";"0";"Sunday"
1.4322447185147047;1.2664826837758445;1.3725418313858375;4/8/19 12:00 AM;69.0;71.12;46.376724792313624;"0";"1";"1";"Monday"
1.4373835646084634;1.2715508493784273;1.3781225340220042;4/9/19 12:00 AM;68.52096296296295;71.02;46.37675579041459;"1";"1";"1";"Tuesday"
1.4420068397727872;1.2755926941103113;1.3818460392662264;4/10/19 12:00 AM;68.9;71.63;46.376786207255776;"1";"1";"1";"Wednesday"
1.4484618111146668;1.2775419070733502;1.3880160417270742;4/11/19 12:00 AM;69.6;71.3;46.376816059034496;"1";"1";"1";"Thursday"
1.4538590100969528;1.2785969069103764;1.393673055923519;4/12/19 12:00 AM;69.64;71.57;46.37684536135184;"1";"1";"1";"Friday"
1.4596724332092321;1.2821784349690935;1.401558067832275;4/13/19 12:00 AM;69.30150462962963;71.02675675675677;46.37687412923981;"1";"1";"1";"Saturday"
1.4603498364995346;1.2832819924192755;1.4026598817495297;4/14/19 12:00 AM;69.68383219954649;71.08836257309942;46.37690237718704;"1";"1";"1";"Sunday"
1.4591739467691294;1.2829651088088803;1.399599441322879;4/15/19 12:00 AM;68.95;70.9;46.37693011916312;"0";"0";"0";"Monday"
1.461761042650018;1.2815681524574787;1.4019468138720514;4/16/19 12:00 AM;70.15571428571428;70.74;46.376957368641655;"1";"1";"0";"Tuesday"
1.4622084776203053;1.2822650077878466;1.401867000729454;4/17/19 12:00 AM;69.94;71.14;46.37698413862209;"0";"1";"1";"Wednesday"
1.4680818010250831;1.287638354375097;1.4076162833701389;4/18/19 12:00 AM;69.94;70.71;46.37701044165031;"1";"1";"1";"Thursday"
1.474838830917582;1.2940234424945818;1.4170456631136512;4/19/19 12:00 AM;70.36250544662309;71.94166666666666;46.377036289838365;"1";"1";"1";"Friday"
1.4785249852086564;1.2984855818636905;1.4198925335030619;4/20/19 12:00 AM;70.4830341880342;71.96706349206347;46.37706169488297;"1";"1";"1";"Saturday"
1.47852084208411;1.2984227936280504;1.421992777750143;4/21/19 12:00 AM;70.60984749455338;71.96056910569106;46.377086668083194;"1";"0";"0";"Sunday"
1.47651661762249;1.297041800444248;1.4201619606174698;4/22/19 12:00 AM;71.45;70.71;46.37711122035724;"0";"0";"0";"Monday"
1.4757563191420426;1.2970240553612744;1.4157076433126683;4/23/19 12:00 AM;71.86;74.39;46.37713536225829;"0";"0";"0";"Tuesday"
1.476210277862942;1.2949655080586215;1.4159540623901141;4/24/19 12:00 AM;70.64701525054467;73.59;46.3771591039897;"1";"1";"0";"Wednesday"
1.4811556497095673;1.2988790318662629;1.4197074099962215;4/25/19 12:00 AM;72.66;74.94;46.377182455419316;"1";"1";"1";"Thursday"
1.4840667950846098;1.3002834292397982;1.422296571735494;4/26/19 12:00 AM;70.55;71.03;46.37720542609326;"1";"1";"1";"Friday"
1.4933924074771057;1.3056142521155423;1.4343438687252248;4/27/19 12:00 AM;70.4973611111111;72.274;46.37722802524878;"1";"1";"1";"Saturday"
1.4944599974827866;1.3056792850846148;1.435702590308791;4/28/19 12:00 AM;70.48063218390804;72.25263492063492;46.377250261826774;"1";"1";"1";"Sunday"
1.4896760788633026;1.3000704626424908;1.4282273320955614;4/29/19 12:00 AM;70.01;71.22;46.377272144483506;"0";"0";"0";"Monday"
1.486087702604322;1.294195674739972;1.4257300810419717;4/30/19 12:00 AM;70.8;72.19;46.377293681601856;"0";"0";"0";"Tuesday"
1.4911299704327072;1.2968118820981227;1.4346653471866715;5/1/19 12:00 AM;70.41364379084968;72.01;46.377314881302084;"1";"1";"1";"Wednesday"
1.4908318851844222;1.2953776059735198;1.4299708519559866;5/2/19 12:00 AM;70.28364632237871;70.56;46.37733575145194;"0";"0";"0";"Thursday"
1.495923584441862;1.2988198269110247;1.4353290000548418;5/3/19 12:00 AM;70.26643835616439;71.95;46.37735629967651;"1";"1";"1";"Friday"
1.4999044275210067;1.3021138505441618;1.440267351446791;5/4/19 12:00 AM;70.25014814814814;71.42431746031745;46.37737653336735;"1";"1";"1";"Saturday"
1.5048700067410186;1.3058743355156774;1.4473487143684522;5/5/19 12:00 AM;70.13847953216373;71.41901587301588;46.37739645969154;"1";"1";"1";"Sunday"
1.5042097128626282;1.3069200584776623;1.4429060419855975;5/6/19 12:00 AM;68.95;71.95;46.37741608560002;"0";"0";"1";"Monday"
1.5025734907952606;1.3044089631584395;1.440944879019184;5/7/19 12:00 AM;69.95916305916306;70.98;46.37743541783569;"0";"0";"0";"Tuesday"
1.4998238918353601;1.3014210890027715;1.438720641160352;5/8/19 12:00 AM;68.18;71.09;46.37745446294119;"0";"0";"0";"Wednesday"
1.4995319604708348;1.299163987910792;1.4389930283673458;5/9/19 12:00 AM;69.68036075036075;70.61;46.37747322726621;"1";"0";"0";"Thursday"
1.4993817676100198;1.29697932685014;1.4384641971582293;5/10/19 12:00 AM;69.56549629629629;71.63;46.37749171697461;"0";"0";"0";"Friday"
1.5001578635672148;1.2957174458986669;1.4403940733815879;5/11/19 12:00 AM;69.56610350076103;72.25038095238095;46.37750993805113;"1";"1";"0";"Saturday"
1.5022878331868077;1.2976178382870682;1.4442729595237762;5/12/19 12:00 AM;69.26574879227053;72.2832380952381;46.37752789630788;"1";"1";"1";"Sunday"
1.50229700217122;1.299525869069693;1.441726576155163;5/13/19 12:00 AM;69.69;72.35;46.377545597390466;"0";"1";"1";"Monday"
1.504035273360495;1.2985448405607338;1.4433427025715049;5/14/19 12:00 AM;68.84450094161957;72.53;46.377563046783976;"1";"1";"0";"Tuesday"
1.5042189786286355;1.2985076919154184;1.4426640609408665;5/15/19 12:00 AM;68.67;73.09;46.37758024981862;"0";"1";"0";"Wednesday"
1.5084809486044966;1.30102012141016;1.4464166496145752;5/16/19 12:00 AM;68.84647798742138;74.7;46.37759721167514;"1";"1";"1";"Thursday"
1.5157956321822232;1.3066939803015811;1.454171883853386;5/17/19 12:00 AM;70.41;73.94;46.37761393739003;"1";"1";"1";"Friday"
1.5265333254761222;1.312304289754376;1.4664562076606742;5/18/19 12:00 AM;68.65968253968254;72.18901587301588;46.37763043186051;"1";"1";"1";"Saturday"
1.5208380288653418;1.304824268713396;1.4620687908674586;5/19/19 12:00 AM;68.65026004728134;72.15038095238094;46.377646699849336;"0";"0";"0";"Sunday"
1.5289105393401825;1.3161741291622968;1.4662271320197569;5/20/19 12:00 AM;70.16;73.21;46.377662745989355;"1";"1";"1";"Monday"
1.5343225867044776;1.3175021164855727;1.4722022559146357;5/21/19 12:00 AM;69.73;72.94;46.3776785747879;"1";"1";"1";"Tuesday"
1.5376280645669425;1.314746586317116;1.475252068187302;5/22/19 12:00 AM;69.3;71.94;46.377694190631026;"1";"1";"0";"Wednesday"
1.53683971073372;1.3106767309069105;1.4744481265490457;5/23/19 12:00 AM;66.78;68.37;46.37770959778756;"0";"0";"0";"Thursday"
1.534389664878048;1.3053604341906875;1.4727278502467966;5/24/19 12:00 AM;66.14;67.98;46.377724800413006;"0";"0";"0";"Friday"
1.5328236008800435;1.3027925183026254;1.4717978489220256;5/25/19 12:00 AM;66.86852657004832;70.50327913279133;46.37773980255326;"0";"0";"0";"Saturday"
1.5368463908066081;1.3031248766934378;1.4775446195242272;5/26/19 12:00 AM;66.8124537037037;69.5170634920635;46.377754608148194;"1";"1";"1";"Sunday"
1.5348328277661583;1.3028002762773425;1.472673883276193;5/27/19 12:00 AM;65.71877314814814;69.479708994709;46.37776922103512;"0";"0";"0";"Monday"
1.5322491013153448;1.296814332481036;1.4699944241445828;5/28/19 12:00 AM;66.9;70.19;46.37778364495213;"0";"0";"0";"Tuesday"
1.5384848746155213;1.300606666448329;1.4765148556522065;5/29/19 12:00 AM;64.58069444444445;70.64;46.377797883541234;"1";"1";"1";"Wednesday"
1.5366956070975597;1.2970237358421421;1.4787746605814378;5/30/19 12:00 AM;65.8;69.55;46.377811940351435;"1";"0";"0";"Thursday"
1.5297867610037905;1.2907723609313113;1.466756963058396;5/31/19 12:00 AM;61.78;66.78;46.377825818841735;"0";"0";"0";"Friday"
1.5318593088326153;1.2938631034421542;1.4717894988121163;6/1/19 12:00 AM;62.12501182033097;66.10131578947369;46.37783952238388;"1";"1";"1";"Saturday"
1.5325786914407393;1.2935416494741674;1.4743471048342942;6/2/19 12:00 AM;61.33309178743962;65.69945945945945;46.37785305426518;"1";"1";"0";"Sunday"
1.5293236545786562;1.292183676868554;1.4673642006394698;6/3/19 12:00 AM;61.15;63.16;46.377866417691095;"0";"0";"0";"Monday"
1.519710817355943;1.2793883367729628;1.4579963731368677;6/4/19 12:00 AM;59.0;63.56;46.377879615787755;"0";"0";"0";"Tuesday"
1.499021174739707;1.2588777473828578;1.4391877080698208;6/5/19 12:00 AM;59.35;62.14;46.37789265160442;"0";"0";"0";"Wednesday"
1.4999412997899002;1.2641714723429807;1.4394922552810996;6/6/19 12:00 AM;57.85;62.77;46.377905528115825;"1";"1";"1";"Thursday"
1.4818390964505996;1.261894691565766;1.422108539511654;6/7/19 12:00 AM;59.428;64.1;46.37791824822444;"0";"0";"0";"Friday"
1.4795035236169833;1.2533422907171017;1.4206852544568433;6/8/19 12:00 AM;59.39378250591016;63.178507936507934;46.37793081476265;"0";"0";"0";"Saturday"
1.4917050983306426;1.2607202337979047;1.4348068314952722;6/9/19 12:00 AM;58.67621749408984;63.17917460317461;46.377943230494864;"1";"1";"1";"Sunday"
1.4908591516266492;1.2603187176765804;1.4343517563943473;6/10/19 12:00 AM;56.65;64.31;46.37795549811952;"0";"0";"0";"Monday"
1.4898279947536688;1.259225121495843;1.4290935599111;6/11/19 12:00 AM;58.7;63.56;46.37796762027109;"0";"0";"0";"Tuesday"
1.4808228399716623;1.250680898775157;1.420956713346457;6/12/19 12:00 AM;57.98074074074074;61.66;46.37797959952192;"0";"0";"0";"Wednesday"
1.4821587312424123;1.2520668358986178;1.4227199599948634;6/13/19 12:00 AM;57.0;63.28;46.37799143838404;"1";"1";"1";"Thursday"
1.4797219429194683;1.2504092487188097;1.4198035568879788;6/14/19 12:00 AM;57.75;63.13;46.37800313931097;"0";"0";"0";"Friday"
1.4774517850379796;1.249781416625537;1.4194921892885752;6/15/19 12:00 AM;58.21086419753087;63.56946031746031;46.37801470469938;"0";"0";"0";"Saturday"
1.4807396804463464;1.2524511667659124;1.423517073086234;6/16/19 12:00 AM;58.41123737373738;63.58295238095238;46.37802613689077;"1";"1";"1";"Sunday"
1.4796016850015412;1.254354182858358;1.4195759132100167;6/17/19 12:00 AM;58.1;62.56;46.37803743817294;"0";"0";"1";"Monday"
1.4753909536097733;1.2505156570595626;1.4152099216145377;6/18/19 12:00 AM;57.15;63.35;46.37804861078166;"0";"0";"0";"Tuesday"
1.4725630155700025;1.249474512856154;1.4128208015630677;6/19/19 12:00 AM;58.55;62.85;46.37805965690206;"0";"0";"0";"Wednesday"
1.470132823415502;1.2502520821183816;1.4101927758361559;6/20/19 12:00 AM;59.20846560846561;65.44;46.37807057867005;"0";"0";"1";"Thursday"
1.4721209239519673;1.2544003396280274;1.4115067168606719;6/21/19 12:00 AM;60.05;65.99;46.37808137817373;"1";"1";"1";"Friday"
1.4761028993323244;1.2592589199055153;1.416843854991893;6/22/19 12:00 AM;59.73723577235772;65.26609523809523;46.37809205745474;"1";"1";"1";"Saturday"
1.477010835167496;1.2609254405910089;1.4192851381337845;6/23/19 12:00 AM;60.219972222222225;65.30533333333332;46.378102618509466;"1";"1";"1";"Sunday"
1.4747774917307865;1.2597900379645497;1.4137385821126882;6/24/19 12:00 AM;60.75;65.16;46.37811306329037;"0";"0";"0";"Monday"
1.4719943880559043;1.2555738192712853;1.4113190935298205;6/25/19 12:00 AM;59.95;66.24;46.37812339370714;"0";"0";"0";"Tuesday"
1.4664845730134461;1.249504299184038;1.404947481050821;6/26/19 12:00 AM;61.0;66.85;46.378133611627874;"0";"0";"0";"Wednesday"
1.4677333056476276;1.2545884541653551;1.4069126050281344;6/27/19 12:00 AM;61.99;66.78;46.378143718880224;"1";"1";"1";"Thursday"
1.473379677259706;1.2602755796487526;1.4147199560282797;6/28/19 12:00 AM;61.95;67.52;46.378153717252424;"1";"1";"1";"Friday"
1.4649240812706923;1.2508891578136692;1.4107783756846914;6/29/19 12:00 AM;60.973362573099415;65.21555555555555;46.378163608494425;"0";"0";"0";"Saturday"
1.46993452947282;1.2555887342931413;1.416055159155589;6/30/19 12:00 AM;60.9705;65.1731746031746;46.378173394318864;"1";"1";"1";"Sunday"
1.4685265683299125;1.2589681822127623;1.4104072147509001;7/1/19 12:00 AM;62.8;65.1;46.37818307640208;"0";"0";"1";"Monday"
1.4657204394213736;1.2578017238829922;1.4053894031903078;7/2/19 12:00 AM;61.45;62.72;46.37819265638502;"0";"0";"0";"Tuesday"
1.4664264693784252;1.2584608631980483;1.405711850462632;7/3/19 12:00 AM;59.4;63.53;46.37820213587423;"1";"1";"1";"Wednesday"
1.4541745706143159;1.2465354982273018;1.3933134517770775;7/4/19 12:00 AM;61.364879227053144;63.62;46.37821151644274;"0";"0";"0";"Thursday"
1.4590119445042409;1.2518713621116302;1.3984380340117466;7/5/19 12:00 AM;59.95;64.23;46.378220799630895;"1";"1";"1";"Friday"
1.4567212042888762;1.2478816797466545;1.3976858170443658;7/6/19 12:00 AM;60.85;64.8675873015873;46.37822998694724;"0";"0";"0";"Saturday"
1.4568721982685584;1.249712094217049;1.3995847557284928;7/7/19 12:00 AM;61.79270833333333;64.90152380952381;46.37823907986929;"1";"1";"1";"Sunday"
1.4567089524098835;1.2500823926727112;1.395858900872651;7/8/19 12:00 AM;61.92600472813239;64.89;46.37824807984441;"0";"0";"1";"Monday"
1.4548792237632742;1.248605329517355;1.3941453547769955;7/9/19 12:00 AM;61.55;64.3;46.37825698829046;"0";"0";"0";"Tuesday"
1.4582254217364738;1.2506337447193103;1.3981266808182438;7/10/19 12:00 AM;60.85;66.41;46.37826580659668;"1";"1";"1";"Wednesday"
1.4591985289047664;1.2500322200954672;1.3992698675500144;7/11/19 12:00 AM;63.05;67.64;46.37827453612428;"1";"1";"0";"Thursday"
1.466433618490271;1.2586617653996368;1.405851486889561;7/12/19 12:00 AM;63.8;66.65;46.378283178207205;"1";"1";"1";"Friday"
1.4692150917935924;1.2603039029462828;1.4102115850727952;7/13/19 12:00 AM;61.79318181818182;64.89679365079364;46.37829173415285;"1";"1";"1";"Saturday"
1.4707296129525074;1.2621696063803405;1.4130178958404518;7/14/19 12:00 AM;61.790025252525254;64.85949206349206;46.37830020524264;"1";"1";"1";"Sunday"
1.4733071804971392;1.2638780587137974;1.411429470875968;7/15/19 12:00 AM;63.5;66.86;46.37830859273271;"0";"1";"1";"Monday"
1.46641510077706;1.2594589372589988;1.4054996904028039;7/16/19 12:00 AM;61.87460317460318;65.87;46.37831689785453;"0";"0";"0";"Tuesday"
1.4638502679920844;1.25727668671476;1.402800662820994;7/17/19 12:00 AM;63.25;63.67;46.37832512181549;"0";"0";"0";"Wednesday"
1.4549224014981121;1.250323866572427;1.3939590283552032;7/18/19 12:00 AM;61.4;60.7;46.378333265799526;"0";"0";"0";"Thursday"
1.4484690298261773;1.245129997337151;1.3879234421294904;7/19/19 12:00 AM;59.65;61.04;46.37834133096764;"0";"0";"0";"Friday"
1.452137829937107;1.2471095850889566;1.393358608166229;7/20/19 12:00 AM;61.85868945868946;63.16025396825397;46.378349318458476;"1";"1";"1";"Saturday"
1.4521854735116284;1.247769560737717;1.3939961280252486;7/21/19 12:00 AM;61.671052631578945;63.147111111111116;46.37835722938882;"1";"1";"1";"Sunday"
1.452277887336105;1.2493817812128707;1.3913483339664516;7/22/19 12:00 AM;60.15;61.96;46.3783650648542;"0";"1";"1";"Monday"
1.449934614290188;1.2494410888273215;1.3896089915294356;7/23/19 12:00 AM;61.2;62.28;46.378372825929304;"0";"0";"1";"Tuesday"
1.4469990527614538;1.2485760776900852;1.3862946736353192;7/24/19 12:00 AM;61.2;63.83;46.37838051366852;"0";"0";"0";"Wednesday"
1.445858600571139;1.2501940875743236;1.3850663488035557;7/25/19 12:00 AM;62.7;63.47;46.37838812910641;"0";"0";"1";"Thursday"
1.4468235152164493;1.253004610577715;1.385633266440082;7/26/19 12:00 AM;62.35;62.46;46.37839567325818;"1";"1";"1";"Friday"
1.4463362803596345;1.2523281590031576;1.3872761005569205;7/27/19 12:00 AM;61.791919191919185;62.541812865497086;46.378403147120096;"1";"0";"0";"Saturday"
1.4476232149031394;1.2546940545601273;1.3903415620944226;7/28/19 12:00 AM;61.94420289855074;62.38484330484331;46.37841055166995;"1";"1";"1";"Sunday"
1.4483966781468978;1.256943288368837;1.3874704311017756;7/29/19 12:00 AM;61.75;62.29;46.37841788786748;"0";"1";"1";"Monday"
1.4433128401664008;1.2525363927211228;1.3823745321061;7/30/19 12:00 AM;61.952083333333334;62.55;46.3784251566548;"0";"0";"0";"Tuesday"
1.443036348770693;1.2541711733998102;1.3822519549679513;7/31/19 12:00 AM;64.3;64.07;46.37843235895677;"0";"0";"1";"Wednesday"
1.4467433003813925;1.2571107372558028;1.3865347614514507;8/1/19 12:00 AM;64.3;60.60531746031746;46.37843949568143;"1";"1";"1";"Thursday"
1.446554624672011;1.2580907266006558;1.3858931271752293;8/2/19 12:00 AM;62.9;61.12;46.37844656772033;"0";"0";"1";"Friday"
1.4476800342928857;1.2562086843590934;1.389614313786689;8/3/19 12:00 AM;60.67487922705314;59.9169376693767;46.378453575948974;"1";"1";"0";"Saturday"
1.448792327919921;1.258624227157401;1.3909755739702012;8/4/19 12:00 AM;59.99570707070708;59.37852777777778;46.37846052122709;"1";"1";"1";"Sunday"
1.447686171607566;1.2566227798774912;1.386469163342439;8/5/19 12:00 AM;62.9;59.32;46.378467404399075;"0";"0";"0";"Monday"
1.442947936900767;1.2506288973535393;1.382051895578949;8/6/19 12:00 AM;59.55;58.63;46.37847422629426;"0";"0";"0";"Tuesday"
1.4336125971356959;1.2425762919756682;1.3727849697358658;8/7/19 12:00 AM;58.85;55.03;46.37848098772727;"0";"0";"0";"Wednesday"
1.4269534849023038;1.2381247928694112;1.3664233439353077;8/8/19 12:00 AM;55.1;56.29;46.378487689498385;"0";"0";"0";"Thursday"
1.4217854917279003;1.2340189023249475;1.3611784031565402;8/9/19 12:00 AM;56.1;57.37;46.37849433239382;"0";"0";"0";"Friday"
1.4165760021491445;1.2302229553061845;1.3582669361167887;8/10/19 12:00 AM;57.8562678062678;57.75901587301587;46.378500917186;"0";"0";"0";"Saturday"
1.4114507293519323;1.225875024124388;1.3549794397713018;8/11/19 12:00 AM;57.220972222222215;57.77368253968254;46.378507444633925;"0";"0";"0";"Sunday"
1.4181742171632388;1.234360855137793;1.3584973432818106;8/12/19 12:00 AM;55.7;57.13;46.37851391548347;"1";"1";"1";"Monday"
1.4174168516840198;1.2366695134998305;1.3584839399735793;8/13/19 12:00 AM;56.6;59.9;46.37852033046752;"0";"0";"1";"Tuesday"
1.4170063886897792;1.2384881705534214;1.3570929637298703;8/14/19 12:00 AM;56.360978835978834;57.86;46.37852669030647;"0";"0";"1";"Wednesday"
1.4200845995309566;1.2412653892462446;1.3610158147129763;8/15/19 12:00 AM;56.15;57.37;46.37853299570837;"1";"1";"1";"Thursday"
1.420252281754245;1.2438870268299713;1.360636054146306;8/16/19 12:00 AM;55.7;59.0;46.3785392473691;"0";"1";"1";"Friday"
1.415518979274731;1.2398541183372027;1.3573014505316663;8/17/19 12:00 AM;56.242424242424235;58.9111746031746;46.37854544597286;"0";"0";"0";"Saturday"
1.41791581476841;1.2421595279153133;1.361662797485888;8/18/19 12:00 AM;56.36527777777778;58.93215873015873;46.37855159219221;"1";"1";"1";"Sunday"
1.4165934166990257;1.24199929388414;1.3562181529318145;8/19/19 12:00 AM;56.05;59.79;46.3785576866884;"0";"0";"0";"Monday"
1.412115730777287;1.2402218718331912;1.3516235620466583;8/20/19 12:00 AM;56.8;59.03;46.37856373011162;"0";"0";"0";"Tuesday"
1.4092102985157853;1.2395474777390514;1.3486492557090757;8/21/19 12:00 AM;56.8;60.6;46.37856972310117;"0";"0";"0";"Wednesday"
1.4079011146418738;1.2406813806687493;1.3475643855529422;8/22/19 12:00 AM;56.46283068783069;59.81;46.37857566628576;"0";"0";"1";"Thursday"
1.406568016709316;1.240686808605885;1.3455767881320457;8/23/19 12:00 AM;57.35;58.64;46.37858156028369;"0";"0";"1";"Friday"
1.4055320094808181;1.239672356960803;1.346842505862365;8/24/19 12:00 AM;56.644037940379405;59.67111111111112;46.378587405703044;"1";"0";"0";"Saturday"
1.4082959776317827;1.24253688822412;1.3516772550144345;8/25/19 12:00 AM;56.69763888888888;59.67511111111112;46.378593203141925;"1";"1";"1";"Sunday"
1.4041216234999492;1.2388841443478311;1.3442330316558426;8/26/19 12:00 AM;56.4;58.64;46.378598953188686;"0";"0";"0";"Monday"
1.4050518805785517;1.2409579051810213;1.3443704961632237;8/27/19 12:00 AM;56.4;58.44;46.378604656422084;"1";"1";"1";"Tuesday"
1.401809036432304;1.2379511342455658;1.3417154209211286;8/28/19 12:00 AM;56.4;60.42;46.37861031341149;"0";"0";"0";"Wednesday"
1.4025333467075152;1.2382572113981065;1.3427486688901518;8/29/19 12:00 AM;56.4;60.59;46.37861592471707;"1";"1";"1";"Thursday"
1.4052700082092249;1.2415294789373996;1.3450959264288114;8/30/19 12:00 AM;58.05;61.04;46.37862149089;"1";"1";"1";"Friday"
1.40609285654741;1.2427578565473505;1.3473594870727101;8/31/19 12:00 AM;56.51269841269841;60.01339682539683;46.378627012472606;"1";"1";"1";"Saturday"
1.4046381730431485;1.2430418614952505;1.3478379516473147;9/1/19 12:00 AM;56.50603174603175;60.019777777777776;46.37863248999855;"1";"0";"1";"Sunday"
1.4003581755632364;1.2405357690118615;1.3417745414635818;9/2/19 12:00 AM;56.3;58.55;46.378637923993054;"0";"0";"0";"Monday"
1.3971020336665116;1.2414501401405726;1.337174059347946;9/3/19 12:00 AM;55.2;57.93;46.37864331497301;"0";"0";"1";"Tuesday"
1.3970877778101745;1.2414094827410393;1.337173053218337;9/4/19 12:00 AM;54.3;60.68;46.37864866344711;"0";"0";"0";"Wednesday"
1.3893097476561567;1.2359539696379254;1.3303824933147803;9/5/19 12:00 AM;57.05;62.7;46.378653969916115;"0";"0";"0";"Thursday"
1.3955564620861072;1.24557228490992;1.3360912677636148;9/6/19 12:00 AM;58.7;61.28;46.378659234872934;"1";"1";"1";"Friday"
1.3985265518306287;1.247267600221568;1.3409280323986044;9/7/19 12:00 AM;56.9082621082621;61.52536507936508;46.378664458802774;"1";"1";"1";"Saturday"
1.400346106799451;1.2491702516219658;1.3439544694927597;9/8/19 12:00 AM;56.672916666666666;61.56520634920634;46.37866964218334;"1";"1";"1";"Sunday"
1.3983246348251384;1.2492461008784355;1.3385316147189212;9/9/19 12:00 AM;57.05;63.99;46.378674785484925;"0";"0";"1";"Monday"
1.3994631289165829;1.2507663071392936;1.3389173210067293;9/10/19 12:00 AM;57.95;64.67;46.3786798891706;"1";"1";"1";"Tuesday"
1.3996150241405296;1.2544759955082276;1.3395323633976142;9/11/19 12:00 AM;57.21388888888889;63.02;46.37868495369631;"1";"1";"1";"Wednesday"
1.398909625385319;1.2548954365538751;1.3384376345600297;9/12/19 12:00 AM;57.25;60.76;46.37868997951102;"0";"0";"1";"Thursday"
1.3958913862292457;1.253593535698513;1.3357446263261121;9/13/19 12:00 AM;57.25;61.25;46.378694967056916;"0";"0";"0";"Friday"
1.3928971765822955;1.250249606751916;1.334585832994272;9/14/19 12:00 AM;58.07833333333333;64.11933333333333;46.378699916769385;"0";"0";"0";"Saturday"
1.393247177659121;1.2499852416906347;1.3361248820383382;9/15/19 12:00 AM;58.27806267806268;64.16406349206349;46.37870482907732;"1";"1";"0";"Sunday"
1.401740372967838;1.259797223491359;1.3408368004762012;9/16/19 12:00 AM;55.25;68.42;46.37870970440311;"1";"1";"1";"Monday"
1.4187936338383709;1.2810087918268924;1.357576084472158;9/17/19 12:00 AM;55.7;65.59;46.37871454316281;"1";"1";"1";"Tuesday"
1.4348438311744165;1.2953929154886266;1.3727052082145224;9/18/19 12:00 AM;61.6;64.29;46.37871934576627;"1";"1";"1";"Wednesday"
1.429526425738983;1.288449949993992;1.367185596070743;9/19/19 12:00 AM;60.2;64.25;46.37872411261722;"0";"0";"0";"Thursday"
1.421675010431482;1.2765463609445518;1.3597821136920873;9/20/19 12:00 AM;60.4;65.23;46.37872884411343;"0";"0";"0";"Friday"
1.418780174250411;1.2803968700137955;1.3591166874108729;9/21/19 12:00 AM;58.33444444444445;64.36892063492064;46.37873354064677;"0";"0";"1";"Saturday"
1.418106884492536;1.2811421635196885;1.3614400092315464;9/22/19 12:00 AM;58.2440379403794;64.3307619047619;46.37873820260335;"1";"0";"1";"Sunday"
1.4115676810607445;1.2768100688908481;1.3503494514853829;9/23/19 12:00 AM;60.8;64.66;46.3787428303636;"0";"0";"0";"Monday"
1.4091835775566643;1.2750572044727488;1.3482849312008953;9/24/19 12:00 AM;58.167328042328045;64.13;46.37874742430241;"0";"0";"0";"Tuesday"
1.4111944354053454;1.276227566709828;1.351375459648628;9/25/19 12:00 AM;58.85;62.41;46.37875198478918;"1";"1";"1";"Wednesday"
1.4047283115552756;1.2724620784798013;1.3436309820848655;9/26/19 12:00 AM;56.45;62.08;46.37875651218799;"0";"0";"0";"Thursday"
1.4003211464311216;1.2691159243877743;1.339146182767516;9/27/19 12:00 AM;55.95;62.48;46.37876100685763;"0";"0";"0";"Friday"
1.3996829323613051;1.2699262373573654;1.3398688216121615;9/28/19 12:00 AM;56.22207977207978;61.21615873015871;46.37876546915174;"1";"0";"1";"Saturday"
1.4043433997914687;1.2741873689747945;1.3474642361080826;9/29/19 12:00 AM;55.5890350877193;61.153777777777776;46.37876989941884;"1";"1";"1";"Sunday"
1.4027885451029756;1.2732198363355292;1.3414446721960405;9/30/19 12:00 AM;56.35;60.99;46.378774298002526;"0";"0";"0";"Monday"
1.400308311046058;1.271115007339424;1.3398862675701282;10/1/19 12:00 AM;54.95;60.06;46.37877866524144;"0";"0";"0";"Tuesday"
1.399140467511218;1.2705684666062393;1.3383463572139374;10/2/19 12:00 AM;54.45;57.92;46.378783001469465;"0";"0";"0";"Wednesday"
1.3977384170947407;1.2666076912013462;1.3397119394651449;10/3/19 12:00 AM;51.85;58.01;46.378787307015735;"1";"0";"0";"Thursday"
1.3974050504890625;1.2656542209995572;1.3377305060082954;10/4/19 12:00 AM;52.4;59.13;46.37879158220472;"0";"0";"0";"Friday"
1.4023797132606195;1.2681893314585349;1.3437238170360173;10/5/19 12:00 AM;53.93380952380953;59.27815873015873;46.378795827356385;"1";"1";"1";"Saturday"
1.4050833257189517;1.2698405298087418;1.347394694433689;10/6/19 12:00 AM;53.932698412698414;59.2808888888889;46.37880004278616;"1";"1";"1";"Sunday"
1.4006013161753974;1.2646246761065636;1.3407578586200828;10/7/19 12:00 AM;53.8;59.46;46.3788042288051;"0";"0";"0";"Monday"
1.4020708772886692;1.2639374605102014;1.341678700822956;10/8/19 12:00 AM;54.7;58.14;46.378808385719935;"1";"1";"0";"Tuesday"
1.401292457111874;1.263836746372009;1.3408426266127067;10/9/19 12:00 AM;53.25;59.7;46.378812513833154;"0";"0";"0";"Wednesday"
1.3986623389282768;1.2641273797685384;1.3389751135544943;10/10/19 12:00 AM;54.5;59.08;46.37881661344304;"0";"0";"1";"Thursday"
1.3934826718063127;1.261038450882237;1.3334824750547207;10/11/19 12:00 AM;53.4;60.59;46.3788206848438;"0";"0";"0";"Friday"
1.3903240590197798;1.2598960747990118;1.3306516531175705;10/12/19 12:00 AM;54.053846153846166;59.360920634920646;46.37882472832557;"0";"0";"0";"Saturday"
1.3970006658659924;1.26780745595701;1.339039229510494;10/13/19 12:00 AM;54.251666666666665;59.35977777777777;46.37882874417457;"1";"1";"1";"Sunday"
1.3945775250767891;1.2677003017813813;1.3333931880195165;10/14/19 12:00 AM;55.75;58.81;46.37883273267308;"0";"0";"0";"Monday"
1.3912593443985026;1.2648802587585248;1.3303059842924458;10/15/19 12:00 AM;54.25;59.19;46.378836694099576;"0";"0";"0";"Tuesday"
1.3863526633409367;1.2615117572660413;1.3260441873355793;10/16/19 12:00 AM;54.304232804232804;59.3;46.37884062872874;"0";"0";"0";"Wednesday"
1.3854161542862484;1.2629198886296236;1.3245542749932484;10/17/19 12:00 AM;54.1;59.35;46.378844536831565;"0";"0";"1";"Thursday"
1.3834978088505328;1.2626329961330582;1.3224167558489337;10/18/19 12:00 AM;54.15;59.96;46.3788484186754;"0";"0";"0";"Friday"
1.3819542609205382;1.26012597294781;1.3233127990022215;10/19/19 12:00 AM;55.02875;60.007904761904754;46.378852274524036;"1";"0";"0";"Saturday"
1.383849722806538;1.2624552657849795;1.3266782282789766;10/20/19 12:00 AM;55.49417170639156;60.03053968253969;46.37885610463769;"1";"1";"1";"Sunday"
1.3820888558484723;1.2622013493943642;1.3229830937472464;10/21/19 12:00 AM;54.55;58.95;46.37885990927317;"0";"0";"0";"Monday"
1.379685184455801;1.2588529474321886;1.3200926060138152;10/22/19 12:00 AM;53.75;60.5;46.37886368868384;"0";"0";"0";"Tuesday"
1.3790090961080719;1.2576515270949125;1.319086845806675;10/23/19 12:00 AM;55.25;60.52;46.37886744311976;"0";"0";"0";"Wednesday"
1.3778666397324264;1.2573498431949053;1.3173292785369086;10/24/19 12:00 AM;57.1;61.71;46.37887117282765;"0";"0";"0";"Thursday"
1.3791030255067487;1.2581069545297423;1.3195882956471419;10/25/19 12:00 AM;58.25;62.06;46.378874878051;"1";"1";"1";"Friday"
1.3817914695639297;1.2597841357050166;1.3243646356886536;10/26/19 12:00 AM;57.373662064431294;60.521648915187384;46.37887855903014;"1";"1";"1";"Saturday"
1.3812849050904148;1.2602529959808888;1.3263877047463737;10/27/19 12:00 AM;57.423681788297166;60.513412228796845;46.378882216002246;"1";"0";"1";"Sunday"
1.381678546310819;1.2610822532740402;1.322986757974361;10/28/19 12:00 AM;58.5;60.39;46.378886000072214;"0";"1";"1";"Monday"
1.3855610257113549;1.264942999890816;1.3262947992041285;10/29/19 12:00 AM;58.95;61.05;46.37888960875355;"1";"1";"1";"Tuesday"
1.387192376342815;1.2651662053716537;1.32579580151768;10/30/19 12:00 AM;59.85;60.22;46.37889319413052;"0";"1";"1";"Wednesday"
1.3863845568372701;1.2586601597159823;1.328494122054589;10/31/19 12:00 AM;59.2;59.3;46.37889675642814;"1";"0";"0";"Thursday"
1.3854910394406978;1.2575324029105934;1.326642672324551;11/1/19 12:00 AM;58.25;60.17;46.37890029586854;"0";"0";"0";"Friday"
1.3836691176773432;1.2546815297944616;1.325902538222062;11/2/19 12:00 AM;59.883809523809525;61.28755555555556;46.378903812671005;"0";"0";"0";"Saturday"
1.3875830456653837;1.2572207669204802;1.3308936148115844;11/3/19 12:00 AM;59.91460317460317;61.32190476190476;46.378907307052025;"1";"1";"1";"Sunday"
1.3891916216632;1.2567023533453832;1.3288944214214446;11/4/19 12:00 AM;58.25;62.52;46.378910779225365;"0";"1";"0";"Monday"
1.3933821420761499;1.256126428820196;1.3340568449703138;11/5/19 12:00 AM;61.6;62.72;46.378914229402035;"1";"1";"0";"Tuesday"
1.3977676452502197;1.2558449669932903;1.337627848620141;11/6/19 12:00 AM;61.8;62.11;46.3789176577904;"1";"1";"0";"Wednesday"
1.3995865039630158;1.2579740463922942;1.3400828798102646;11/7/19 12:00 AM;61.2;62.6;46.37892106459623;"1";"1";"1";"Thursday"
1.3970368593975047;1.2581856777315326;1.3369816448843443;11/8/19 12:00 AM;61.6;62.0;46.37892445002265;"0";"0";"1";"Friday"
1.3948161220869997;1.257069638613298;1.3354144193700057;11/9/19 12:00 AM;60.5215873015873;62.46638095238095;46.37892781427031;"0";"0";"0";"Saturday"
1.3868651669940482;1.2502205922812146;1.3282917437367687;11/10/19 12:00 AM;60.50888888888889;62.46914285714285;46.37893115753733;"0";"0";"0";"Sunday"
1.3927648069800838;1.2561882269903846;1.3338183724981354;11/11/19 12:00 AM;60.1;62.58;46.37893448001933;"1";"1";"1";"Monday"
1.391652689310668;1.255687714207129;1.3319313890325661;11/12/19 12:00 AM;60.1;62.19;46.378937781909585;"0";"0";"0";"Tuesday"
1.389906453460071;1.258921510826366;1.3304006150191732;11/13/19 12:00 AM;60.85;62.27;46.37894106339889;"0";"0";"1";"Wednesday"
1.3898519841807426;1.2563666802189586;1.3298357255206144;11/14/19 12:00 AM;60.15;62.46;46.378944324675764;"0";"0";"0";"Thursday"
1.3898979980443873;1.2576045652662404;1.329736095770772;11/15/19 12:00 AM;59.25;63.32;46.378947565926374;"0";"1";"1";"Friday"
1.384573394318519;1.2569805803231953;1.324322487262193;11/16/19 12:00 AM;60.07079772079773;63.13796825396825;46.37895078733463;"0";"0";"0";"Saturday"
1.3904132298915977;1.2617406241579565;1.3336667165626224;11/17/19 12:00 AM;59.800694444444446;63.15698412698413;46.378953989082156;"1";"1";"1";"Sunday"
1.3896685721923723;1.2608555275515279;1.3307233283690656;11/18/19 12:00 AM;59.8;62.82;46.378957171348404;"0";"0";"0";"Monday"
1.3852261672999133;1.2591174953682822;1.3257116015637351;11/19/19 12:00 AM;59.3;62.37;46.378960334310655;"0";"0";"0";"Tuesday"
1.3782743108332518;1.2530033095632989;1.3186047748364849;11/20/19 12:00 AM;59.61976744186046;63.8;46.37896347814401;"0";"0";"0";"Wednesday"
1.3790282320694014;1.2509054203826568;1.319213482431935;11/21/19 12:00 AM;59.9;64.99;46.378966603021475;"1";"1";"0";"Thursday"
1.3870584473534622;1.2533708215444999;1.3274077708367789;11/22/19 12:00 AM;59.9;64.83;46.37896970911399;"1";"1";"1";"Friday"
1.3920376662564875;1.2548126196367768;1.3330086447145755;11/23/19 12:00 AM;59.00725623582767;64.26584126984126;46.37897279659042;"1";"1";"1";"Saturday"
1.392703478189227;1.255614248275906;1.3351270236558463;11/24/19 12:00 AM;58.65277777777778;64.28136507936509;46.37897586561763;"1";"1";"1";"Sunday"
1.394599618967612;1.2606390511169379;1.3336865855861344;11/25/19 12:00 AM;58.6;64.67;46.37897891636051;"0";"1";"1";"Monday"
1.3922827481426454;1.2590023102378851;1.3308805544569806;11/26/19 12:00 AM;58.4;64.82;46.37898194898195;"0";"0";"0";"Tuesday"
1.3944108453633093;1.2611098798205063;1.333537610322178;11/27/19 12:00 AM;58.22144444444445;65.03;46.37898496364294;"1";"1";"1";"Wednesday"
1.39533868786355;1.2632948036537728;1.33531928263526;11/28/19 12:00 AM;58.191950113378674;64.68;46.378987960502585;"1";"1";"1";"Thursday"
1.395404725210376;1.2631204991661247;1.3358162694172961;11/29/19 12:00 AM;58.05;64.5;46.37899093971805;"1";"1";"0";"Friday"
1.3960451445640978;1.261766179947717;1.3372707014559124;11/30/19 12:00 AM;58.154491725768324;64.69609523809524;46.37899390144474;"1";"1";"0";"Saturday"
1.3956581281873255;1.2614680869355492;1.3359509797368474;12/1/19 12:00 AM;58.132469135802474;64.69568253968254;46.378996845836184;"0";"0";"0";"Sunday"
1.394802462349082;1.260925085426646;1.3347470535657617;12/2/19 12:00 AM;56.5;63.2;46.37899977304412;"0";"0";"0";"Monday"
1.3888347947584418;1.2566819075194495;1.328960808123195;12/3/19 12:00 AM;56.45;62.95;46.37900268321857;"0";"0";"0";"Tuesday"
1.3833567997091258;1.2526681338564425;1.3223061189158716;12/4/19 12:00 AM;56.65;65.25;46.37900557650775;"0";"0";"0";"Wednesday"
1.3834045092785037;1.252990567761568;1.3242114983107283;12/5/19 12:00 AM;58.45;65.67;46.379008453058205;"1";"1";"1";"Thursday"
1.3812604545451999;1.254643142968005;1.3225971017871545;12/6/19 12:00 AM;59.2;66.5;46.37901131301477;"0";"0";"1";"Friday"
1.3796694070197248;1.251853742194932;1.3225851652378042;12/7/19 12:00 AM;58.10512820512821;65.61476190476189;46.379014156520626;"0";"0";"0";"Saturday"
1.3806875927512985;1.2520693088634387;1.3247930491450113;12/8/19 12:00 AM;58.10402777777778;65.64307936507936;46.3790169837173;"1";"1";"1";"Sunday"
1.3813457713063497;1.2537050920416113;1.3215026740147158;12/9/19 12:00 AM;59.8;66.44;46.37901979474471;"0";"1";"1";"Monday"
1.3833462350823507;1.2563266395218458;1.3248328675372152;12/10/19 12:00 AM;60.15;66.57;46.37902258974115;"1";"1";"1";"Tuesday"
1.3836074325353922;1.2559673447346362;1.3243096576791895;12/11/19 12:00 AM;58.24949494949495;65.37;46.37902536884339;"0";"1";"0";"Wednesday"
1.3825540293003094;1.2567465856221047;1.32378499367737;12/12/19 12:00 AM;57.45;66.67;46.379028132186626;"0";"0";"1";"Thursday"
1.3820667976033845;1.2563186359331822;1.3225632951741426;12/13/19 12:00 AM;58.05;67.44;46.379030879904505;"0";"0";"0";"Friday"
1.3840561190976468;1.2587876545466545;1.326236091825911;12/14/19 12:00 AM;57.85;67.68139682539683;46.379033612129184;"1";"1";"1";"Saturday"
1.3851845032077015;1.2599696445287614;1.3286551869250656;12/15/19 12:00 AM;58.72403381642512;67.71955555555556;46.379036328991354;"1";"1";"1";"Sunday"
1.3862635658604523;1.2627403759780556;1.3266042321633265;12/16/19 12:00 AM;57.85;68.04;46.37903903062019;"0";"1";"1";"Monday"
1.3885985173184061;1.2677906096816522;1.3287075308890457;12/17/19 12:00 AM;58.685479797979795;68.99;46.37904171714347;"1";"1";"1";"Tuesday"
1.3924217095190559;1.274545006842879;1.332863113859082;12/18/19 12:00 AM;58.0;69.12;46.37904438868754;"1";"1";"1";"Wednesday"
1.3851326451028538;1.2716303502130268;1.3236240114956086;12/19/19 12:00 AM;59.15;69.7;46.37904704537732;"0";"0";"0";"Thursday"
1.3966858757748142;1.282277544452071;1.3374381567300708;12/20/19 12:00 AM;59.6;68.66;46.37904968733635;"1";"1";"1";"Friday"
1.4009613751135872;1.2863607624225044;1.342602693216294;12/21/19 12:00 AM;58.6864898989899;68.86669841269841;46.379052314686824;"1";"1";"1";"Saturday"
1.403298511205352;1.2883983650917499;1.345781518017501;12/22/19 12:00 AM;58.69468599033817;68.8656507936508;46.37905492754955;"1";"1";"1";"Sunday"
1.403036468631796;1.2876849715966965;1.3431031564822649;12/23/19 12:00 AM;58.25;67.49;46.37905752604405;"0";"0";"0";"Monday"
1.4026613848688125;1.2881614725645842;1.3449357322205155;12/24/19 12:00 AM;58.8;69.26;46.37906011028851;"1";"0";"1";"Tuesday"
1.4077174530964631;1.2915712552533891;1.3513342259195558;12/25/19 12:00 AM;58.71293103448276;69.26;46.379062680399834;"1";"1";"1";"Wednesday"
1.4064277118971493;1.2905363711177567;1.350535923381496;12/26/19 12:00 AM;59.75;69.26;46.37906523649366;"0";"0";"0";"Thursday"
1.4141198719479258;1.2984407259194417;1.3533047954835205;12/27/19 12:00 AM;59.75;68.91;46.37906777868431;"1";"1";"1";"Friday"
1.4215113278795637;1.306575165197975;1.3613036063913242;12/28/19 12:00 AM;58.70772357723577;68.76104018912528;46.37907030708496;"1";"1";"1";"Saturday"
1.4205372409218247;1.304215578335214;1.3617195270201563;12/29/19 12:00 AM;58.70307971014493;68.75620545073376;46.379072821807476;"1";"0";"0";"Sunday"
1.423630658401451;1.3099460153907045;1.3629662932879993;12/30/19 12:00 AM;58.69934640522876;68.3;46.379075322962564;"1";"1";"1";"Monday"
1.4316751933178857;1.316709930084545;1.372118001740813;12/31/19 12:00 AM;58.69627976190477;67.77;46.37907781065973;"1";"1";"1";"Tuesday"
